level,segment,class,MAE,RMSE,WAPE,Bias,MASE,RMSSE,n_obs
portfolio,portfolio,ALL,4.2378676705608935,5.638536866001354,0.33519479587633016,0.06937863490525488,0.7324571152671523,0.7146316930347617,10028
class,AX,AX,5.232086237447483,6.764591046290039,0.2923393943771704,-0.7179709970336678,0.6807433479943257,0.6838416384214198,2668
class,AY,AY,4.560020898939778,5.926216484161504,0.31020067447644506,-0.5658557124230987,0.6839092578905497,0.675264537930737,3496
class,AZ,AZ,2.739485198457515,3.4261150866885637,0.4386991092394976,1.4935141063705284,0.7551789163191949,0.7310458328974954,184
class,BZ,BZ,3.039697386003093,3.6754743078478014,0.4853948614538612,1.4823797746115632,0.8148535814038126,0.7634771111287499,1380
class,CX,CX,7.309782608695652,9.315718367128333,0.3835733637530301,-0.13043478260869565,0.9429009603258159,0.9429453556173505,368
class,CZ,CZ,2.6953675916049926,3.313833834402507,0.48048073325160046,1.1992838804403416,0.7906167274973521,0.7484459442859139,1932
sku,SKU0001,CZ,2.125357554752413,2.6480128113983668,0.47116360249933015,1.0012017638387751,0.7247344307493531,0.7041333957878845,92
sku,SKU0003,CZ,2.6145250953263415,3.1458840881134233,0.474430589289987,1.1886453648158224,0.7747640551872763,0.7364748345007246,92
sku,SKU0005,AY,4.354594790196342,5.391264572429234,0.27667314965335876,-0.20769584981984765,0.5894825962540349,0.5812967433175039,92
sku,SKU0007,AX,6.166813229217395,7.984240484813976,0.27289409191342007,-1.0070671767693355,0.6360211510250077,0.6615692747570011,92
sku,SKU0008,CZ,2.4913011523163475,2.9510867369447342,0.5922473023594418,1.2650689260156478,0.857771254818041,0.7831630405073593,92
sku,SKU0010,AX,4.940003656295679,6.415205772419872,0.30018516273395146,-0.6159610819327549,0.6433399331938443,0.6729426900946657,92
sku,SKU0011,CZ,3.042899061848888,3.5772804062476116,0.568997385548979,1.2691575148884637,0.8844508434895629,0.7957677449851867,92
sku,SKU0012,AY,6.3560624666278525,7.954972312095225,0.2851086040613176,-1.2383220533729051,0.6929541786925102,0.6869398323530933,92
sku,SKU0013,BZ,2.61307095690068,3.167803314576217,0.4760446099700249,1.2932172205056531,0.7721812276529105,0.7254583630818447,92
sku,SKU0015,AX,3.9848258872142033,5.126208576566433,0.28843743636798325,-0.7281001628939731,0.6736404123059517,0.6836993077689973,92
sku,SKU0016,CX,8.445652173913043,11.38314925477663,0.36427566807313644,-0.20652173913043478,0.9245583539733222,0.9929241112881348,92
sku,SKU0017,BZ,2.805576802722412,3.327043896988048,0.4992515780473151,1.0700822488871335,0.7980196166459647,0.7364558238469755,92
sku,SKU0021,AY,2.6897572565208456,3.246291659047645,0.40368298140280223,0.6838972987404659,0.6247051800729158,0.5897232493041881,92
sku,SKU0022,AY,4.836263167969443,5.8284381695251755,0.297815402579109,-0.12137592054829158,0.6390919430746697,0.59824182296811,92
sku,SKU0023,CZ,2.2969233076641684,2.772173839544495,0.5446312997554213,1.2267677014591214,0.8364366839553307,0.8078914474256157,92
sku,SKU0024,AX,3.29680753933041,4.038783560329017,0.3008991008119025,-0.469961747792963,0.6756708031136529,0.6378508494329537,92
sku,SKU0026,AY,3.2884760097912404,4.141079936855668,0.351381873287798,-0.48291175288960686,0.6626808888966554,0.6674362216754298,92
sku,SKU0028,AX,6.10172124174058,7.630545885718598,0.28380098798793396,-0.5559256041858154,0.6478445918173555,0.6324155011135401,92
sku,SKU0029,AY,3.663814147464286,4.5016968066227925,0.336734167399315,-0.35735618940769226,0.6715062987883408,0.6577486279002677,92
sku,SKU0031,AY,4.633390869113233,5.5896188846077095,0.3340689341366908,-1.1362682232127355,0.7416215189398502,0.7137725000028475,92
sku,SKU0032,CZ,2.607886157542134,3.180505136836061,0.4741611195531153,1.0173540634026375,0.8006888202655831,0.7745343278552138,92
sku,SKU0033,AY,2.731774081542247,3.313859533111793,0.3616161374127866,-0.06836574578811809,0.6562017560331149,0.6220956500918319,92
sku,SKU0034,CZ,2.9296704349669067,3.4306531454002727,0.4991290370684359,0.8908608870826495,0.9082263058838127,0.833517039492316,92
sku,SKU0037,AX,4.657515426094313,5.716666497180147,0.27824118129914077,-0.4897808817425204,0.681066890178357,0.6552535543779029,92
sku,SKU0040,BZ,3.234965911110444,3.7949568261455706,0.4529937044477334,1.8694043484416183,0.7661129366326885,0.7161378893171172,92
sku,SKU0042,AY,5.272232083151473,6.622542310988012,0.29166888253153067,-0.7607571156980274,0.7410628043733509,0.7374021675420835,92
sku,SKU0043,CZ,2.569853733865979,3.1133956092507757,0.467246133430178,1.1472113224446283,0.7686669865009351,0.7217128103517213,92
sku,SKU0045,CZ,2.484869804630354,2.9251183229553903,0.4430388023759546,1.0286835231260612,0.6990065852531595,0.6464213498331423,92
sku,SKU0046,AX,4.436539890228165,5.410195266897601,0.334833199262503,0.02933410803570364,0.6809026822144741,0.6573945827854972,92
sku,SKU0049,AY,3.86001506974389,4.9236916191780296,0.30300459591846235,-0.4675685846903909,0.6581212224737044,0.6608291118301903,92
sku,SKU0050,AX,7.129713220523582,9.142411475071722,0.3130948049108208,-1.6440192445905482,0.7860302461887066,0.8107426902794485,92
sku,SKU0051,AY,7.325300331640397,9.416790670042667,0.3094249910518441,-1.994279473223587,0.7866590829130741,0.8154301293455612,92
sku,SKU0052,AZ,3.126969949221335,3.8404063204752705,0.47006737798752096,2.1717628160081683,0.7954572677843748,0.7671199605092383,92
sku,SKU0053,BZ,2.7628619453316996,3.2461868658664317,0.5317642237876911,1.5463631279738455,0.8156899218517466,0.750663730517234,92
sku,SKU0054,CX,7.326086956521739,8.658998837600407,0.424968474148802,-0.10869565217391304,1.0442456385748144,0.9820185042091195,92
sku,SKU0055,AY,6.420049437733521,8.355676585803021,0.2782122224547734,-0.8783523355243,0.6602178499796884,0.6780495750932927,92
sku,SKU0056,AY,5.093686689871899,6.411592034615765,0.29772501618056846,-0.7714303881051212,0.7200913157851255,0.7099511068324054,92
sku,SKU0057,AX,6.082242167162051,7.81322267513819,0.2827520360681701,-1.028181948727861,0.6580414622094944,0.6727168420843511,92
sku,SKU0058,AY,3.766629939872858,4.63930885703242,0.28081843960154207,-0.38680982412628667,0.6179248911388232,0.5936442768388904,92
sku,SKU0059,CZ,2.7853040506179894,3.389175032158436,0.5452084524613937,1.3898491233395058,0.8136556704644127,0.7760589952626666,92
sku,SKU0060,AY,4.398360884876437,5.322055949010014,0.32475858861045925,-0.48244776194343936,0.7237952655535638,0.693195013803117,92
sku,SKU0061,AY,6.35767877260239,7.9601390487561865,0.27204951026949764,-1.729713159079597,0.7238042571235412,0.7179337148463445,92
sku,SKU0063,AY,4.007237359535918,5.086104727542181,0.3082490276566091,-0.3881187184537343,0.6772496517573288,0.6838350388696535,92
sku,SKU0066,AX,6.215180081977316,8.038391694477708,0.2752992621771368,-1.108449706104043,0.6760929057632613,0.6999722628614801,92
sku,SKU0067,CZ,3.770740801610333,4.633192743225218,0.5131777422309921,1.5423148838083496,0.9175181660668926,0.8900580447150974,92
sku,SKU0068,AY,3.913359384828611,4.978269221078336,0.2857373519081208,-0.7407555139723696,0.6244930684143707,0.6349108933729651,92
sku,SKU0069,CZ,2.3671621157596774,2.7816176198453118,0.4938297384351255,0.8340306155695684,0.7635234731317867,0.6773320598706294,92
sku,SKU0070,CZ,2.7304995267508336,3.2177375741418697,0.5054445804045808,1.22660209741696,0.8355197592647635,0.7716090415221037,92
sku,SKU0071,AY,4.457504540731759,5.743014867545247,0.32367041653300854,-0.9563688378437007,0.7545470673883954,0.7738918998287591,92
sku,SKU0072,AY,4.330740067788658,5.544375030111937,0.3179793186245463,-0.9912004390826155,0.7495963546525133,0.7607016170337979,92
sku,SKU0073,AY,3.232767867221053,4.028002266304652,0.3004188321053908,-0.42328783390723673,0.6409278742346277,0.623351394454361,92
sku,SKU0074,AX,4.905734733016542,6.251242137752334,0.27536766042557775,-0.6204633751905283,0.6442689912854166,0.6500007434582978,92
sku,SKU0076,BZ,3.9570785224887035,4.688921580205586,0.4313403128779155,1.945198529890836,0.8136049298574904,0.7389696737656989,92
sku,SKU0077,AX,3.3789469655391238,4.567591728904073,0.2647897110984663,-0.6844892460193318,0.5736477285827464,0.6057423256195881,92
sku,SKU0078,BZ,3.0994723915150812,3.589818129674556,0.6185498048142895,1.6001963014726517,0.941201040355365,0.863875408208739,92
sku,SKU0079,CZ,2.122986139446863,2.5830356041590257,0.4489993674232446,0.7423968805928681,0.7652345519588127,0.717791211321419,92
sku,SKU0081,CZ,2.516760885464775,2.9697242502250423,0.5499810010991907,1.0738751599208598,0.8130093392033044,0.7606443780294236,92
sku,SKU0082,AX,7.3120546353728715,8.642033105182108,0.311728001137305,-1.5414872454337998,0.7737752292864309,0.7477528003688032,92
sku,SKU0083,AX,6.004504618078746,8.114993515354804,0.25375030999689696,-1.4925511159199714,0.6671671797865274,0.7244023902374719,92
sku,SKU0084,AX,5.35313427422541,6.894033738073831,0.29106876668365117,-0.3996696874302265,0.6914961868709885,0.6966198681350966,92
sku,SKU0085,CZ,3.1948997407346504,3.9355164217026912,0.44806520754205464,1.7157398060757993,0.7968514599643108,0.7771778574018132,92
sku,SKU0087,AY,4.029722614026719,5.066610242346299,0.39024682156890333,-0.12585974393463017,0.7920403659115979,0.7840806312705392,92
sku,SKU0088,CX,7.565217391304348,8.98670515624149,0.4051222351571595,-0.17391304347826086,0.976650889448032,0.9318150980084825,92
sku,SKU0090,AY,3.272422909202035,3.995529063679913,0.3152491179545416,-0.3360403808255125,0.6449817164259803,0.6167882823449399,92
sku,SKU0091,AX,3.8789594120271498,4.8516580637079425,0.27989354188744925,-0.6143021002904906,0.6574856814222426,0.6670580594873402,92
sku,SKU0092,BZ,2.663297186329543,3.226744400168175,0.5126011320968995,1.2790192168505063,0.816522635693536,0.7812689955803777,92
sku,SKU0093,AX,4.2140811711097035,5.307146062424769,0.26960741845764447,-0.422077198086029,0.6129921995367056,0.608922121416708,92
sku,SKU0094,AY,5.549590296108947,6.8174608729597015,0.3311039605979398,-0.5624159678596251,0.766040374062637,0.7477771322970485,92
sku,SKU0095,AY,4.563511758563423,5.996409497363226,0.2640522526967515,0.39389874923251006,0.5613110665053911,0.5958011603031188,92
sku,SKU0096,CZ,3.1380924405532227,3.8797564232297166,0.44760388299363796,1.924518698076729,0.7312282604357034,0.7057302950683323,92
sku,SKU0097,AX,5.432981081938289,6.775029224673787,0.3079693527654483,-0.18288628984288902,0.7260665962037345,0.7214884248619458,92
sku,SKU0100,AY,3.843621572090446,4.865041310648465,0.31155346663640615,-0.6575362105937306,0.6297459072916549,0.6210245995716013,92
sku,SKU0101,BZ,3.3168936707985384,3.901167481395493,0.48591435941634636,1.8529547273964235,0.8602350251908405,0.809432863383461,92
sku,SKU0102,AX,4.472547029958994,5.466742577556729,0.3411893256685137,0.09263956651081144,0.6760210862624587,0.6541848570184686,92
sku,SKU0103,AY,3.0036580989954174,3.7561092196904338,0.4199643542668365,0.18930455602699522,0.6923171485401286,0.6855179166399833,92
sku,SKU0104,CZ,2.3412536746365884,2.8931010602899856,0.4997571648876244,0.9491535810702495,0.7059167506702001,0.6813174421672074,92
sku,SKU0105,AX,3.903833373315515,4.683361702235112,0.3096143709870926,-0.6000588115989202,0.6291097984782265,0.6080200310220125,92
sku,SKU0106,AX,4.149858865094191,5.510483283392254,0.2482360309419152,-0.1588654979835945,0.56669733645764,0.6021650843189544,92
sku,SKU0107,AY,2.9845088330634333,3.6343438621305424,0.3268747769545665,-0.47766937039971713,0.613835150062692,0.5894468732098841,92
sku,SKU0108,BZ,2.770503255307918,3.2131927284981714,0.5027343185174131,0.9957868809220318,0.8187036020780231,0.7566652743392437,92
sku,SKU0109,AX,4.172897182876091,5.514973569072145,0.3151942042894913,-0.3054808878143394,0.6793336061941684,0.7112835768841014,92
sku,SKU0111,BZ,3.2338751185267514,3.8607729379862006,0.4126442592294884,1.023374478368966,0.7824089213576289,0.7397708242152661,92
sku,SKU0112,CZ,2.302964824328542,2.8644605655446442,0.4146238039887003,1.1411117181515202,0.6687717605469321,0.6476322924421581,92
sku,SKU0114,AZ,2.352000447693695,2.954286456680117,0.402949797370242,0.8152653967328886,0.7149005648540149,0.6949717052857524,92
sku,SKU0117,AX,5.5399261579262005,7.005056550810988,0.2952915449184301,-1.105805149117818,0.7329889856401733,0.7252302840242586,92
sku,SKU0118,AX,5.450669390323361,6.609686011295439,0.25048031164323137,-0.7533575400011907,0.5742283802883594,0.5533912601419958,92
sku,SKU0119,AY,5.4260591017833475,6.812876831373225,0.3038328894486111,-0.18317857095888848,0.6775936008881925,0.6724448895656217,92
sku,SKU0120,AY,4.531569599827223,5.541792548319825,0.3327249825890698,-0.42726199644394924,0.7434151207739182,0.713886837951907,92
sku,SKU0121,AY,6.557942932682203,8.085103753516766,0.29927120526129103,-1.083813015788044,0.6829852417648132,0.6676530391249437,92
sku,SKU0122,CX,5.9021739130434785,7.8622654108917205,0.34454314720812185,-0.03260869565217391,0.8261489593070951,0.865023708963665,92
sku,SKU0123,AX,7.382387264796029,9.38927321895662,0.33523180077059955,-0.8754588415282446,0.7853865390928576,0.7947896066590747,92
sku,SKU0124,AY,7.199467449915784,9.063857491567095,0.3193592118574022,-1.4015355933333304,0.78143249966762,0.7810999387478388,92
sku,SKU0125,AY,5.0771633066767246,6.147407419799718,0.320589584223925,-0.5453551227234916,0.6922911283735308,0.6695824325627177,92
sku,SKU0127,BZ,3.5945418711694885,4.355899666542897,0.5377200847928341,1.979128470366929,0.8793396141894685,0.854674496386357,92
sku,SKU0128,AX,5.2411786508087586,6.403835932515724,0.32981425162408057,-0.460372629848764,0.7365356782414071,0.7142096588909382,92
sku,SKU0129,CZ,2.516313848048182,3.177605703005496,0.44433948948259644,0.9204385974655479,0.7722021332634632,0.7546080816437768,92
sku,SKU0130,BZ,2.1742846271794694,2.600339267138479,0.4751405836116655,1.0632770417101778,0.7132100730799493,0.6521644792119218,92
sku,SKU0131,BZ,2.2270700365762113,2.7805610547100246,0.3932638068426323,0.989211633407293,0.679517304321197,0.6679194957730796,92
sku,SKU0133,AY,3.4976605963778953,4.536719738992435,0.30443214273109404,-0.5063719673781322,0.634491743101819,0.6487568454055336,92
sku,SKU0134,AX,6.463135366423377,8.22786498422581,0.27502703686907987,-1.3648009245463002,0.7148891060641669,0.7337453123670702,92
sku,SKU0136,AY,5.24137942020032,6.668528712924321,0.2960140617915466,-0.48816771156991323,0.6417194530968728,0.6536223506983674,92
sku,SKU0137,AY,2.8307250838082605,3.443338024796273,0.3829804525152352,0.343651650316111,0.6748888652726719,0.6470815169370504,92
sku,SKU0139,BZ,3.0416402232629576,3.7073652930580705,0.5563238579327875,1.1833783188456517,0.8804748014708561,0.8371674833043254,92
sku,SKU0142,AX,5.87772346608383,7.53219604696323,0.3091769919266509,-0.9702081493734644,0.7763949423108661,0.8034071574086381,92
sku,SKU0143,BZ,4.100328270826509,4.862859228591381,0.4799366423868178,2.545104074133731,0.8855820706795237,0.8215318659996088,92
sku,SKU0144,AY,6.57286748054776,8.245571480009946,0.3040240363048738,-1.022615311799447,0.6974038670529638,0.7009192111919987,92
sku,SKU0145,CZ,3.652455072839656,4.541893435197597,0.38315378187143484,1.6899792606854105,0.7647739863707583,0.7537891398204013,92
sku,SKU0147,AX,5.584584907279119,6.748870668494356,0.3282950872010728,-0.743350343757168,0.764420761820227,0.7244363963445729,92
sku,SKU0150,AY,4.10922788701727,4.915423120465862,0.32065221849498626,-0.7120626420958172,0.7053234845082105,0.664188196240227,92