sku_id,class,total_demand,total_sales,total_lost,avg_inventory,fill_rate,cycle_service_level,cycles_without_stockout,num_cycles,turnover,DOI,stockout_cost,holding_cost,ordering_cost,total_cost
SKU0001,CZ,415.0,415.0,0.0,360.70652173913044,1.0,1.0,2,2,1.1505198131686003,79.96385542168674,0.0,15816.743801369865,50.0,15866.743801369865
SKU0003,CZ,507.0,507.0,0.0,187.5,1.0,1.0,2,2,2.704,34.023668639053255,0.0,2287.9880136986303,50.0,2337.9880136986303
SKU0005,AY,1448.0,1448.0,0.0,472.89130434782606,1.0,1.0,3,3,3.0620144347906035,30.045580110497234,0.0,23862.445027397258,100.0,23962.445027397258
SKU0007,AX,2079.0,2079.0,0.0,358.05434782608694,1.0,1.0,5,5,5.806381105613066,15.844636844636844,0.0,26873.764171232873,200.0,27073.764171232873
SKU0008,CZ,387.0,387.0,0.0,426.5,1.0,1.0,2,2,0.9073856975381008,101.39018087855298,0.0,14286.125794520549,50.0,14336.125794520549
SKU0010,AX,1514.0,1513.0,1.0,391.2717391304348,0.9993394980184941,0.6666666666666666,2,3,3.8694335639081032,23.776089828269487,522.06,10701.957410958905,100.0,11324.017410958904
SKU0011,CZ,492.0,492.0,0.0,356.4891304347826,1.0,1.0,2,2,1.3801262310577187,66.66056910569107,0.0,9271.21769863014,50.0,9321.21769863014
SKU0012,AY,2051.0,1476.0,575.0,163.33695652173913,0.719648951730863,0.25,1,4,12.556864310907034,7.326669917113603,614347.2499999999,11189.24829452055,150.0,625686.4982945204
SKU0013,BZ,505.0,505.0,0.0,564.2065217391304,1.0,1.0,2,2,0.8950623230007514,102.78613861386138,0.0,18827.308849315064,50.0,18877.308849315064
SKU0015,AX,1271.0,1271.0,0.0,413.3369565217391,1.0,1.0,3,3,3.074973045467694,29.918961447678992,0.0,29477.69693150685,100.0,29577.69693150685
SKU0016,CX,2133.0,2133.0,0.0,444.9673913043478,1.0,1.0,4,4,4.793609692942815,19.192217533989684,0.0,6096.248315068493,150.0,6246.248315068493
SKU0017,BZ,517.0,517.0,0.0,387.5652173913044,1.0,1.0,1,1,1.3339690374691495,68.96711798839459,0.0,22466.21063013699,50.0,22516.21063013699
SKU0021,AY,613.0,613.0,0.0,239.0108695652174,1.0,1.0,3,3,2.564736913911501,35.87112561174552,0.0,14023.25883561644,100.0,14123.25883561644
SKU0022,AY,1494.0,1494.0,0.0,241.7391304347826,1.0,1.0,6,6,6.18021582733813,14.886211512717535,0.0,4588.599452054795,250.0,4838.599452054795
SKU0023,CZ,388.0,388.0,0.0,434.60869565217394,1.0,1.0,1,1,0.8927571028411364,103.05154639175258,0.0,3915.145643835617,0.0,3915.145643835617
SKU0024,AX,1008.0,1008.0,0.0,380.89130434782606,1.0,1.0,2,2,2.646424290850979,34.763888888888886,0.0,12680.163712328766,50.0,12730.163712328766
SKU0026,AY,861.0,861.0,0.0,424.14130434782606,1.0,1.0,2,2,2.02998385484739,45.3205574912892,0.0,23961.299404109588,50.0,24011.299404109588
SKU0028,AX,1978.0,1766.0,212.0,216.30434782608697,0.8928210313447927,0.2,1,5,9.144522613065327,10.060667340748232,217323.32000000004,12353.538356164387,200.0,229876.85835616442
SKU0029,AY,1001.0,1001.0,0.0,390.4347826086956,1.0,1.0,2,2,2.5638084632516707,35.884115884115886,0.0,21218.38684931507,50.0,21268.38684931507
SKU0031,AY,1276.0,1232.0,44.0,328.30434782608694,0.9655172413793104,0.6666666666666666,2,3,3.886637531452788,23.670846394984324,70895.88,22324.066027397257,100.0,93319.94602739727
SKU0032,CZ,506.0,506.0,0.0,301.92391304347825,1.0,1.0,2,2,1.6759189257299205,54.89525691699605,0.0,6589.237109589041,50.0,6639.237109589041
SKU0033,AY,695.0,695.0,0.0,338.6847826086956,1.0,1.0,2,2,2.052055585866042,44.833093525179855,0.0,21656.572089041096,50.0,21706.572089041096
SKU0034,CZ,540.0,540.0,0.0,353.82608695652175,1.0,1.0,2,2,1.526173507004178,60.28148148148148,0.0,6783.747616438357,50.0,6833.747616438357
SKU0037,AX,1540.0,1540.0,0.0,433.5326086956522,1.0,1.0,3,3,3.5522126112573646,25.899350649350648,0.0,17584.640856164388,100.0,17684.640856164388
SKU0040,BZ,657.0,657.0,0.0,351.92391304347825,1.0,1.0,2,2,1.866880810451864,49.280060882800605,0.0,9710.217116438356,50.0,9760.217116438356
SKU0042,AY,1663.0,1663.0,0.0,215.8913043478261,1.0,1.0,5,5,7.702950357466519,11.94347564642213,0.0,6876.741356164384,250.0,7126.741356164384
SKU0043,CZ,506.0,506.0,0.0,316.55434782608694,1.0,1.0,2,2,1.5984616969405625,57.555335968379445,0.0,5696.139643835617,50.0,5746.139643835617
SKU0045,CZ,516.0,516.0,0.0,354.4891304347826,1.0,1.0,2,2,1.4556158587066506,63.20348837209303,0.0,17203.357500000002,50.0,17253.357500000002
SKU0046,AX,1219.0,1219.0,0.0,268.6847826086956,1.0,1.0,4,4,4.53691492374287,20.278096800656275,0.0,13937.791219178082,150.0,14087.791219178082
SKU0049,AY,1172.0,1172.0,0.0,335.8369565217391,1.0,1.0,3,3,3.4897886526199957,26.36262798634812,0.0,16412.444075342468,100.0,16512.444075342468
SKU0050,AX,2095.0,2095.0,0.0,229.2391304347826,1.0,1.0,6,6,9.138928402086297,10.066825775656325,0.0,8697.0248630137,300.0,8997.0248630137
SKU0051,AY,2178.0,1639.0,539.0,174.17391304347825,0.7525252525252525,0.0,0,4,12.504742885671494,7.357208448117539,626328.7800000001,10133.314191780823,200.0,636662.094191781
SKU0052,AZ,612.0,612.0,0.0,463.6521739130435,1.0,1.0,2,2,1.3199549887471866,69.69934640522875,0.0,34348.013589041104,50.0,34398.013589041104
SKU0053,BZ,478.0,478.0,0.0,366.64130434782606,1.0,1.0,2,2,1.3037265423497673,70.56694560669455,0.0,20609.17893150685,50.0,20659.17893150685
SKU0054,CX,1586.0,1505.0,81.0,250.57608695652175,0.9489281210592686,0.3333333333333333,1,3,6.329414826703682,14.53530895334174,13076.64,2808.5185684931507,150.0,16035.15856849315
SKU0055,AY,2123.0,1863.0,260.0,205.55434782608697,0.8775317946302402,0.2,1,5,10.328168790650944,8.907677814413567,367684.2,15485.000342465755,200.0,383369.2003424658
SKU0056,AY,1574.0,1321.0,253.0,298.35869565217394,0.8392630241423126,0.3333333333333333,1,3,5.275529163175343,17.439008894536215,170476.46,8455.232034246577,100.0,179031.69203424657
SKU0057,AX,1979.0,1979.0,0.0,355.30434782608694,1.0,1.0,4,4,5.569872736172296,16.517433046993432,0.0,25213.866410958904,150.0,25363.866410958904
SKU0058,AY,1234.0,1234.0,0.0,296.4673913043478,1.0,1.0,4,4,4.162346471127406,22.10291734197731,0.0,20767.857534246577,150.0,20917.857534246577
SKU0059,CZ,470.0,470.0,0.0,301.0,1.0,1.0,3,3,1.5614617940199336,58.91914893617021,0.0,522.923589041096,100.0,622.923589041096
SKU0060,AY,1246.0,1246.0,0.0,259.9891304347826,1.0,1.0,4,4,4.792508047995317,19.19662921348315,0.0,15460.52075342466,200.0,15660.52075342466
SKU0061,AY,2150.0,2150.0,0.0,365.7717391304348,1.0,1.0,5,5,5.877982823690232,15.651627906976746,0.0,18813.444349315072,200.0,19013.444349315072
SKU0063,AY,1196.0,1196.0,0.0,433.94565217391306,1.0,1.0,2,2,2.7561055030934547,33.380434782608695,0.0,25839.751582191784,100.0,25939.751582191784
SKU0066,AX,2077.0,2054.0,23.0,460.60869565217394,0.9889263360616274,0.6666666666666666,2,3,4.50925051916179,20.402503610977373,9943.82,9094.586191780823,100.0,19138.40619178082
SKU0067,CZ,676.0,676.0,0.0,470.7608695652174,1.0,1.0,2,2,1.435973216347264,64.0680473372781,0.0,1347.356301369863,50.0,1397.356301369863
SKU0068,AY,1260.0,1240.0,20.0,268.1630434782609,0.9841269841269841,0.6666666666666666,2,3,4.698634023752584,19.580158730158733,14900.4,18592.809109589045,150.0,33643.20910958904
SKU0069,CZ,441.0,441.0,0.0,428.94565217391306,1.0,1.0,2,2,1.0281022730152294,89.48526077097506,0.0,7009.547801369864,50.0,7059.547801369864
SKU0070,CZ,497.0,497.0,0.0,264.39130434782606,1.0,1.0,2,2,1.8797895083045553,48.941649899396374,0.0,1240.524,50.0,1290.524
SKU0071,AY,1267.0,1267.0,0.0,360.0978260869565,1.0,1.0,3,3,3.5184883334842585,26.14759273875296,0.0,17889.20617808219,100.0,17989.20617808219
SKU0072,AY,1253.0,1253.0,0.0,375.85869565217394,1.0,1.0,3,3,3.333699644292779,27.596967278531526,0.0,19701.266828767126,100.0,19801.266828767126
SKU0073,AY,990.0,990.0,0.0,474.7282608695652,1.0,1.0,2,2,2.085403548941042,44.11616161616162,0.0,16282.39897260274,50.0,16332.39897260274
SKU0074,AX,1639.0,1279.0,360.0,123.73913043478261,0.7803538743136058,0.2,1,5,13.245607870695713,6.945698596705308,268743.60000000003,5357.653479452056,250.0,274351.2534794521
SKU0076,BZ,844.0,844.0,0.0,214.6413043478261,1.0,1.0,3,3,3.932141591127766,23.39691943127962,0.0,12851.915664383565,100.0,12951.915664383565
SKU0077,AX,1174.0,1174.0,0.0,327.5978260869565,1.0,1.0,3,3,3.5836623643783803,25.67206132879046,0.0,23346.784130136984,100.0,23446.784130136984
SKU0078,BZ,461.0,461.0,0.0,356.70652173913044,1.0,1.0,2,2,1.292378949934485,71.18655097613882,0.0,15691.920575342469,50.0,15741.920575342469
SKU0079,CZ,435.0,435.0,0.0,336.4130434782609,1.0,1.0,1,1,1.2930533117932148,71.14942528735632,0.0,7846.24897260274,50.0,7896.24897260274
SKU0081,CZ,421.0,421.0,0.0,425.3369565217391,1.0,1.0,1,1,0.9898034806163911,92.94774346793349,0.0,2217.8700342465754,50.0,2267.8700342465754
SKU0082,AX,2158.0,2037.0,121.0,178.68478260869566,0.9439295644114921,0.16666666666666666,1,6,12.077133645598881,7.617701575532902,71029.42,12026.930034246578,300.0,83356.35003424657
SKU0083,AX,2177.0,2149.0,28.0,211.52173913043478,0.9871382636655949,0.8333333333333334,5,6,10.292086330935252,8.938906752411574,14011.759999999998,11730.647945205481,250.0,25992.40794520548
SKU0084,AX,1692.0,1692.0,0.0,531.3695652173913,1.0,1.0,3,3,3.18422452235814,28.89243498817967,0.0,24921.14526027397,100.0,25021.14526027397
SKU0085,CZ,656.0,656.0,0.0,441.54347826086956,1.0,1.0,2,2,1.4856974053468563,61.92378048780488,0.0,9428.755726027397,50.0,9478.755726027397
SKU0087,AY,950.0,950.0,0.0,210.41304347826087,1.0,1.0,4,4,4.514929228226056,20.37684210526316,0.0,12967.871164383563,150.0,13117.871164383563
SKU0088,CX,1718.0,1551.0,167.0,210.69565217391303,0.9027939464493597,0.2,1,5,8.153941394964919,11.282887077997671,27451.46,2766.601315068493,200.0,30418.06131506849
SKU0090,AY,955.0,955.0,0.0,374.82608695652175,1.0,1.0,2,2,2.5478482774620113,36.10890052356021,0.0,27622.156383561647,100.0,27722.156383561647
SKU0091,AX,1275.0,1275.0,0.0,431.10869565217394,1.0,1.0,3,3,2.9574907972366495,31.10745098039216,0.0,25303.269369863017,100.0,25403.269369863017
SKU0092,BZ,478.0,478.0,0.0,360.7173913043478,1.0,1.0,2,2,1.325137106008558,69.42677824267781,0.0,24510.361315068494,50.0,24560.361315068494
SKU0093,AX,1438.0,1432.0,6.0,337.0108695652174,0.9958275382475661,0.6666666666666666,2,3,4.266924689566199,21.561196105702365,3365.82,13861.995719178083,100.0,17327.815719178085
SKU0094,AY,1542.0,1542.0,0.0,503.3804347826087,1.0,1.0,3,3,3.0632894992550366,30.03307392996109,0.0,14314.856979452057,100.0,14414.856979452057
SKU0095,AY,1590.0,1481.0,109.0,278.3152173913044,0.9314465408805032,0.25,1,4,5.7129466900995896,16.10377358490566,124653.48999999996,16158.508767123292,150.0,140961.99876712327
SKU0096,CZ,645.0,645.0,0.0,324.8478260869565,1.0,1.0,3,3,1.9855450712708294,46.33488372093023,0.0,413.49123287671233,100.0,513.4912328767123
SKU0097,AX,1623.0,1551.0,72.0,288.69565217391306,0.955637707948244,0.3333333333333333,1,3,5.62183734939759,16.364756623536664,31783.680000000004,15882.334246575343,150.0,47816.014246575345
SKU0100,AY,1135.0,1135.0,0.0,356.1195652173913,1.0,1.0,4,4,3.187131825534902,28.866079295154186,0.0,21269.919123287673,150.0,21419.919123287673
SKU0101,BZ,628.0,628.0,0.0,366.6847826086956,1.0,1.0,2,2,1.7126426559952572,53.718152866242036,0.0,21417.56589041096,50.0,21467.56589041096
SKU0102,AX,1206.0,1206.0,0.0,287.3369565217391,1.0,1.0,4,4,4.197162852279176,21.9195688225539,0.0,17751.82674657534,150.0,17901.82674657534
SKU0103,AY,658.0,658.0,0.0,389.9347826086956,1.0,1.0,2,2,1.6874616714054749,54.51975683890577,0.0,22396.187342465753,50.0,22446.187342465753
SKU0104,CZ,431.0,431.0,0.0,373.42391304347825,1.0,1.0,2,2,1.1541842526560908,79.70997679814384,0.0,2930.0579452054794,50.0,2980.0579452054794
SKU0105,AX,1160.0,1002.0,158.0,174.02173913043478,0.8637931034482759,0.25,1,4,6.665833853841349,13.801724137931036,187713.47999999998,12422.77308219178,150.0,200286.25308219175
SKU0106,AX,1538.0,1538.0,0.0,368.32608695652175,1.0,1.0,4,4,4.17564776013693,22.03250975292588,0.0,20487.800534246577,150.0,20637.800534246577
SKU0107,AY,840.0,840.0,0.0,471.07608695652175,1.0,1.0,2,2,1.7831514340432404,51.59404761904762,0.0,29506.73478082192,50.0,29556.73478082192
SKU0108,BZ,507.0,507.0,0.0,299.2391304347826,1.0,1.0,2,2,1.6942971304031964,54.299802761341226,0.0,22207.84760273973,50.0,22257.84760273973
SKU0109,AX,1218.0,1218.0,0.0,400.85869565217394,1.0,1.0,3,3,3.038477182136175,30.278325123152708,0.0,28581.477595890417,100.0,28681.477595890417
SKU0111,BZ,721.0,721.0,0.0,267.85869565217394,1.0,1.0,3,3,2.6917177291725842,34.17891816920943,0.0,20123.71010273973,100.0,20223.71010273973
SKU0112,CZ,511.0,511.0,0.0,399.4891304347826,1.0,1.0,2,2,1.27913367616249,71.92367906066536,0.0,15214.735068493152,50.0,15264.735068493152
SKU0114,AZ,537.0,537.0,0.0,403.2173913043478,1.0,1.0,1,1,1.3317877938322191,69.08007448789571,0.0,24101.982630136987,0.0,24101.982630136987
SKU0117,AX,1726.0,1623.0,103.0,277.95652173913044,0.9403244495944381,0.5,2,4,6.209604254653527,14.815758980301275,89355.59000000001,16116.315123287672,150.0,105621.90512328768
SKU0118,AX,2002.0,2002.0,0.0,485.55434782608694,1.0,1.0,3,3,4.123122383649347,22.313186813186814,0.0,13995.79145890411,150.0,14145.79145890411
SKU0119,AY,1643.0,1551.0,92.0,185.47826086956522,0.9440048691418138,0.25,1,4,8.858180965775903,10.385879488740109,43354.08,8581.672602739727,200.0,52135.752602739725
SKU0120,AY,1253.0,1253.0,0.0,308.5978260869565,1.0,1.0,4,4,4.060300799549153,22.658419792498,0.0,22408.27735616438,150.0,22558.27735616438
SKU0121,AY,2016.0,1812.0,204.0,272.55434782608694,0.8988095238095238,0.25,1,4,7.396689930209372,12.43799603174603,219475.43999999997,18192.42773972603,150.0,237817.867739726
SKU0122,CX,1576.0,1489.0,87.0,324.1847826086956,0.9447969543147208,0.3333333333333333,1,3,4.861424979044426,18.924492385786802,6516.299999999999,2541.049143835616,100.0,9157.349143835616
SKU0123,AX,2026.0,2015.0,11.0,269.32608695652175,0.9945705824284304,0.75,3,4,7.5224796190168695,12.230009871668313,7329.8499999999985,7542.694739726028,200.0,15072.544739726027
SKU0124,AY,2074.0,2074.0,0.0,330.57608695652175,1.0,1.0,5,5,6.273896031302403,14.663934426229508,0.0,21468.661684931507,200.0,21668.661684931507
SKU0125,AY,1457.0,1457.0,0.0,449.3695652173913,1.0,1.0,3,3,3.2423201586764065,28.374742621825668,0.0,15046.789013698632,100.0,15146.789013698632
SKU0127,BZ,615.0,615.0,0.0,252.07608695652175,1.0,1.0,3,3,2.4397395541373808,37.708943089430896,0.0,6174.524328767125,100.0,6274.524328767125
SKU0128,AX,1462.0,1217.0,245.0,151.42391304347825,0.832421340629275,0.25,1,4,9.6550139975594,9.528727770177838,411428.5,11060.450657534248,150.0,422638.95065753424
SKU0129,CZ,521.0,521.0,0.0,448.4021739130435,1.0,1.0,2,2,1.161903376724117,79.18042226487525,0.0,20063.08573972603,50.0,20113.08573972603
SKU0130,BZ,421.0,421.0,0.0,312.19565217391306,1.0,1.0,2,2,1.3485133347259939,68.22327790973871,0.0,17660.882383561646,50.0,17710.882383561646
SKU0131,BZ,521.0,521.0,0.0,405.0217391304348,1.0,1.0,2,2,1.2863507058128925,71.52015355086374,0.0,25913.424027397265,50.0,25963.424027397265
SKU0133,AY,1057.0,1057.0,0.0,424.4673913043478,1.0,1.0,2,2,2.4901795088474046,36.94512771996215,0.0,26429.77029452055,50.0,26479.77029452055
SKU0134,AX,2162.0,2162.0,0.0,292.8369565217391,1.0,1.0,5,5,7.382947923239672,12.461147086031453,0.0,8016.608246575343,200.0,8216.608246575342
SKU0136,AY,1629.0,1629.0,0.0,312.7173913043478,1.0,1.0,3,3,5.20917622523462,17.661141804788215,0.0,20406.797465753425,150.0,20556.797465753425
SKU0137,AY,680.0,680.0,0.0,287.4347826086956,1.0,1.0,2,2,2.3657540462864923,38.88823529411764,0.0,16855.514273972603,50.0,16905.514273972603
SKU0139,BZ,503.0,503.0,0.0,429.7282608695652,1.0,1.0,2,2,1.170507145567219,78.59840954274354,0.0,17485.301506849315,50.0,17535.301506849315
SKU0142,AX,1749.0,1749.0,0.0,354.2391304347826,1.0,1.0,3,3,4.937342743172752,18.633504859919956,0.0,17530.518150684933,100.0,17630.518150684933
SKU0143,BZ,786.0,786.0,0.0,504.7826086956522,1.0,1.0,2,2,1.5571059431524548,59.08396946564886,0.0,19308.543287671233,50.0,19358.543287671233
SKU0144,AY,1989.0,1989.0,0.0,444.94565217391306,1.0,1.0,3,3,4.470208867717112,20.580693815987935,0.0,27939.819760273975,100.0,28039.819760273975
SKU0145,CZ,877.0,877.0,0.0,442.4673913043478,1.0,1.0,3,3,1.9820669663694206,46.41619156214367,0.0,10769.510835616438,100.0,10869.510835616438
SKU0147,AX,1565.0,1565.0,0.0,344.5326086956522,1.0,1.0,4,4,4.54238571473641,20.25367412140575,0.0,19561.391054794523,150.0,19711.391054794523
SKU0150,AY,1179.0,1179.0,0.0,421.5217391304348,1.0,1.0,3,3,2.7970087674058792,32.89228159457167,0.0,26454.069178082194,100.0,26554.069178082194