sku_id,class,current_rop,current_order_quantity,unit_cost,current_safety_stock,proposed_rop,proposed_safety_stock,proposed_order_quantity,target_service_level,calibration_service_floor,calibration_fill_rate,calibration_service_floor_met,selection_status,current_fill_rate,current_avg_inventory,current_total_cost,proposed_fill_rate,proposed_avg_inventory,proposed_total_cost,intervention,rop_delta_units,safety_stock_delta_units,order_quantity_delta_units,fill_delta_pp,avg_on_hand_delta_units,avg_on_hand_value_delta,modeled_cost_saving,policy_mode,recommended_action,priority_rank
SKU0128,AX,72.0,374.0,1159.16,11.0,237.61178562375912,51.102463673691005,187.0,99,0.97,0.9530201342281879,False,no_feasible_candidate_best_service,0.832421340629275,151.42391304347825,422638.95065753424,1.0,152.66304347826087,11550.960410958907,protect_strategic_value,165.61178562375912,40.102463673691005,-187.0,16.757865937072502,1.2391304347826235,1436.350434782626,411087.9902465753,daily_dynamic_rop_next_day_forecast,Review SLA/grid feasibility,1
SKU0055,AY,91.0,476.0,1195.5,33.0,202.41889938653927,15.42906249974797,238.0,97,0.97,0.9186557788944724,False,no_feasible_candidate_best_service,0.8775317946302402,205.55434782608697,383369.2003424658,0.9981158737635422,121.53260869565217,15262.08102739726,protect_strategic_value,111.41889938653927,-17.57093750025203,-238.0,12.058407913330193,-84.0217391304348,-100447.9891304348,368107.1193150685,daily_dynamic_rop_next_day_forecast,Review SLA/grid feasibility,2
SKU0012,AY,100.0,500.0,1087.13,26.0,366.9184390169065,9.994316537248457,250.0,97,0.97,0.8467609339033213,False,no_feasible_candidate_best_service,0.719648951730863,163.33695652173913,625686.4982945204,0.8659190638712823,127.71739130434783,303017.4126712328,protect_strategic_value,266.9184390169065,-16.00568346275154,-250.0,14.627011214041929,-35.6195652173913,-38723.09793478261,322669.0856232876,daily_dynamic_rop_next_day_forecast,Review SLA/grid feasibility,3
SKU0051,AY,167.0,516.0,923.28,28.0,365.9874501225984,7.1529909225598525,258.0,97,0.97,0.9433715220949264,False,no_feasible_candidate_best_service,0.7525252525252525,174.17391304347825,636662.094191781,0.8700642791551882,116.32608695652173,336069.42887671234,protect_strategic_value,198.98745012259837,-20.84700907744015,-258.0,11.753902662993577,-57.847826086956516,-53409.74086956521,300592.6653150687,daily_dynamic_rop_next_day_forecast,Review SLA/grid feasibility,4
SKU0121,AY,154.0,602.0,1059.26,55.0,280.4373349200766,22.7744031296084,301.0,97,0.97,1.0,True,minimum_cost_feasible,0.8988095238095238,272.55434782608694,237817.867739726,0.9831349206349206,148.69565217391303,46854.36109589041,protect_strategic_value,126.43733492007658,-32.2255968703916,-301.0,8.432539682539675,-123.8586956521739,-131198.56195652173,190963.5066438356,daily_dynamic_rop_next_day_forecast,raise ROP + lower Q,5
SKU0074,AX,104.0,322.0,687.12,29.0,222.93816451354382,16.96508789045402,161.0,99,0.97,0.879950495049505,False,no_feasible_candidate_best_service,0.7803538743136058,123.73913043478261,274351.2534794521,0.9133618059792556,79.8695652173913,110012.61024657535,protect_strategic_value,118.93816451354382,-12.034912109545981,-161.0,13.300793166564983,-43.86956521739131,-30143.65565217392,164338.64323287676,daily_dynamic_rop_next_day_forecast,Review SLA/grid feasibility,6
SKU0056,AY,124.0,760.0,449.73,63.0,252.29208808997288,0.0,380.0,97,0.97,1.0,True,minimum_cost_feasible,0.8392630241423126,298.35869565217394,179031.69203424657,0.9593392630241423,187.8804347826087,48648.85195205479,protect_strategic_value,128.29208808997288,-63.0,-380.0,12.007623888182973,-110.47826086956525,-49685.38826086958,130382.84008219177,daily_dynamic_rop_next_day_forecast,raise ROP + lower Q,7
SKU0028,AX,86.0,496.0,906.34,29.0,194.9475922549112,9.409117639953612,248.0,99,0.97,1.0,True,minimum_cost_feasible,0.8928210313447927,216.30434782608697,229876.85835616442,0.9539939332659252,117.81521739130434,100413.65332876713,protect_strategic_value,108.9475922549112,-19.590882360046386,-248.0,6.117290192113245,-98.48913043478262,-89264.63847826088,129463.20502739729,daily_dynamic_rop_next_day_forecast,raise ROP + lower Q,8
SKU0105,AX,123.0,417.0,1132.87,55.0,233.41776649292183,23.381016385174895,209.0,99,0.97,1.0,True,minimum_cost_feasible,0.8637931034482759,174.02173913043478,200286.25308219175,0.95,100.29347826086956,76417.06321232877,protect_strategic_value,110.41776649292183,-31.618983614825105,-208.0,8.62068965517241,-73.72826086956522,-83524.53489130434,123869.18986986298,daily_dynamic_rop_next_day_forecast,raise ROP + lower Q,9
SKU0117,AX,174.0,612.0,920.14,34.0,206.68623193146948,0.0,459.0,99,0.97,0.949685534591195,False,no_feasible_candidate_best_service,0.9403244495944381,277.95652173913044,105621.90512328768,0.9895712630359212,224.92391304347825,28856.948917808222,protect_strategic_value,32.68623193146948,-34.0,-153.0,4.924681344148318,-53.032608695652186,-48797.4245652174,76764.95620547945,daily_dynamic_rop_next_day_forecast,Review SLA/grid feasibility,10
SKU0031,AY,103.0,749.0,1079.1,49.0,134.50499765334897,26.33286928449845,375.0,97,0.97,1.0,True,minimum_cost_feasible,0.9655172413793104,328.30434782608694,93319.94602739727,0.9976489028213166,222.42391304347825,20108.209520547945,protect_strategic_value,31.504997653348966,-22.66713071550155,-374.0,3.2131661442006187,-105.88043478260869,-114255.57717391303,73211.73650684932,daily_dynamic_rop_next_day_forecast,raise ROP + lower Q,11
SKU0082,AX,149.0,384.0,1068.15,31.0,213.38138466586557,33.63179833097473,192.0,99,0.97,1.0,True,minimum_cost_feasible,0.9439295644114921,178.68478260869566,83356.35003424657,0.9800741427247451,110.04347826086956,33248.67547945205,protect_strategic_value,64.38138466586557,2.631798330974732,-192.0,3.6144578313253017,-68.6413043478261,-73319.20923913045,50107.67455479452,daily_dynamic_rop_next_day_forecast,raise ROP + lower Q,12
SKU0097,AX,100.0,647.0,873.05,28.0,137.1088259340833,1.6422194343928975,324.0,99,0.97,0.9995487364620939,True,minimum_cost_feasible,0.955637707948244,288.69565217391306,47816.014246575345,0.9907578558225508,166.3586956521739,16023.67551369863,protect_strategic_value,37.10882593408331,-26.3577805656071,-323.0,3.512014787430684,-122.33695652173915,-106806.27989130437,31792.338732876713,daily_dynamic_rop_next_day_forecast,raise ROP + lower Q,13
SKU0119,AY,140.0,411.0,734.25,67.0,214.84757847173623,11.196597560427602,206.0,97,0.97,1.0,True,minimum_cost_feasible,0.9440048691418138,185.47826086956522,52135.752602739725,0.9738283627510651,136.9891304347826,27001.506815068493,protect_strategic_value,74.84757847173623,-55.803402439572395,-205.0,2.9823493609251295,-48.48913043478262,-35603.14402173914,25134.245787671232,daily_dynamic_rop_next_day_forecast,raise ROP + lower Q,14
SKU0095,AY,152.0,587.0,921.36,70.0,212.36526100783666,6.822053739132433,294.0,97,0.97,1.0,True,minimum_cost_feasible,0.9314465408805032,278.3152173913044,140961.99876712327,0.939622641509434,139.91304347826087,118209.67364383559,protect_strategic_value,60.365261007836665,-63.177946260867564,-293.0,0.8176100628930816,-138.4021739130435,-127518.22695652176,22752.32512328768,daily_dynamic_rop_next_day_forecast,raise ROP + lower Q,15
SKU0052,AZ,196.0,641.0,1175.64,57.0,92.53789405150513,0.0,321.0,90,0.98,1.0,True,minimum_cost_feasible,1.0,463.6521739130435,34398.013589041104,1.0,178.22826086956522,13303.403479452058,reduce_overstock,-103.46210594849487,-57.0,-320.0,0.0,-285.42391304347825,-335555.7691304348,21094.610109589048,daily_dynamic_rop_next_day_forecast,lower ROP + lower Q,16
SKU0109,AX,173.0,567.0,1131.51,55.0,58.07683425887991,11.411106218357386,284.0,99,0.97,1.0,True,minimum_cost_feasible,1.0,400.85869565217394,28681.477595890417,1.0,158.15217391304347,11476.349657534247,protect_strategic_value,-114.92316574112009,-43.58889378164261,-283.0,0.0,-242.70652173913047,-274624.8564130435,17205.12793835617,daily_dynamic_rop_next_day_forecast,lower ROP + lower Q,17
SKU0007,AX,160.0,527.0,1191.09,79.0,97.59655870259054,22.118361254849088,264.0,99,0.97,1.0,True,minimum_cost_feasible,1.0,358.05434782608694,27073.764171232873,1.0,156.20652173913044,12074.078349315068,protect_strategic_value,-62.40344129740946,-56.88163874515091,-263.0,0.0,-201.8478260869565,-240418.927173913,14999.685821917805,daily_dynamic_rop_next_day_forecast,lower ROP + lower Q,18
SKU0054,CX,101.0,582.0,177.87,29.0,186.9451219512195,4.75,291.0,90,0.95,0.8866995073891626,False,no_feasible_candidate_best_service,0.9489281210592686,250.57608695652175,16035.15856849315,1.0,201.5,2558.461684931507,correct_understock,85.9451219512195,-24.25,-291.0,5.10718789407314,-49.07608695652175,-8729.163586956523,13476.696883561643,daily_dynamic_rop_next_day_forecast,Review SLA/grid feasibility,19
SKU0131,BZ,100.0,721.0,1015.34,18.0,38.62091214207824,3.8737935737426463,361.0,85,0.98,1.0,True,minimum_cost_feasible,1.0,405.0217391304348,25963.424027397265,1.0,197.52173913043478,12687.505808219179,reduce_overstock,-61.37908785792176,-14.126206426257355,-360.0,0.0,-207.50000000000003,-210683.05000000005,13275.918219178086,daily_dynamic_rop_next_day_forecast,lower ROP + lower Q,20
SKU0013,BZ,154.0,716.0,529.56,47.0,74.10858728079839,3.3498095212975,358.0,85,0.98,1.0,True,minimum_cost_feasible,1.0,564.2065217391304,18877.308849315064,1.0,167.29347826086956,5682.505452054794,reduce_overstock,-79.89141271920161,-43.6501904787025,-358.0,0.0,-396.9130434782608,-210189.27130434779,13194.803397260272,daily_dynamic_rop_next_day_forecast,lower ROP + lower Q,21
SKU0111,BZ,134.0,353.0,1192.25,69.0,49.49973896372573,3.3669370246912123,177.0,85,0.98,1.0,True,minimum_cost_feasible,1.0,267.85869565217394,20223.71010273973,1.0,99.66304347826087,7687.493321917809,reduce_overstock,-84.50026103627427,-65.63306297530879,-176.0,0.0,-168.19565217391306,-200531.26630434784,12536.21678082192,daily_dynamic_rop_next_day_forecast,lower ROP + lower Q,22
SKU0106,AX,122.0,558.0,882.73,15.0,66.75638247905252,7.985985654760688,279.0,99,0.97,1.0,True,minimum_cost_feasible,1.0,368.32608695652175,20637.800534246577,1.0,140.8804347826087,8136.344883561645,protect_strategic_value,-55.24361752094748,-7.014014345239312,-279.0,0.0,-227.44565217391306,-200773.10054347827,12501.455650684933,daily_dynamic_rop_next_day_forecast,lower ROP + lower Q,23
SKU0088,CX,101.0,472.0,208.38,36.0,137.5691056910569,4.0,236.0,90,0.95,1.0,True,minimum_cost_feasible,0.9027939464493597,210.69565217391303,30418.06131506849,0.9423748544819558,121.26086956521739,18265.871561643835,correct_understock,36.569105691056905,-32.0,-236.0,3.9580908032596063,-89.43478260869564,-18636.42,12152.189753424656,daily_dynamic_rop_next_day_forecast,raise ROP + lower Q,24
SKU0063,AY,213.0,795.0,944.97,75.0,152.9364221907647,3.557318708520027,398.0,97,0.97,1.0,True,minimum_cost_feasible,1.0,433.94565217391306,25939.751582191784,1.0,239.84782608695653,14431.99179452055,protect_strategic_value,-60.06357780923531,-71.44268129147997,-397.0,0.0,-194.09782608695653,-183416.62271739132,11507.759787671233,daily_dynamic_rop_next_day_forecast,lower ROP + lower Q,25
SKU0058,AY,140.0,397.0,1111.68,33.0,51.71101963793795,6.736985590600664,199.0,97,0.97,1.0,True,minimum_cost_feasible,1.0,296.4673913043478,20917.857534246577,1.0,131.2608695652174,9444.964164383564,protect_strategic_value,-88.28898036206205,-26.263014409399336,-198.0,0.0,-165.2065217391304,-183656.7860869565,11472.893369863014,daily_dynamic_rop_next_day_forecast,lower ROP + lower Q,26
SKU0053,BZ,123.0,614.0,892.04,12.0,99.42985888420296,0.0,307.0,85,0.98,1.0,True,minimum_cost_feasible,1.0,366.64130434782606,20659.17893150685,1.0,163.08695652173913,9267.238465753426,reduce_overstock,-23.570141115797043,-12.0,-307.0,0.0,-203.55434782608694,-181578.62043478258,11391.940465753423,daily_dynamic_rop_next_day_forecast,lower ROP + lower Q,27
SKU0005,AY,200.0,656.0,800.79,53.0,61.74366308634779,3.4116965970437505,328.0,97,0.97,1.0,True,minimum_cost_feasible,1.0,472.89130434782606,23962.445027397258,1.0,248.2826086956522,12678.524095890412,protect_strategic_value,-138.2563369136522,-49.58830340295625,-328.0,0.0,-224.60869565217388,-179864.39739130432,11283.920931506846,daily_dynamic_rop_next_day_forecast,lower ROP + lower Q,28
SKU0091,AX,136.0,745.0,931.44,39.0,49.411754828361154,3.8764043933927574,373.0,99,0.97,1.0,True,minimum_cost_feasible,1.0,431.10869565217394,25403.269369863017,1.0,245.19565217391303,14491.38597260274,protect_strategic_value,-86.58824517163885,-35.12359560660724,-372.0,0.0,-185.9130434782609,-173166.84521739135,10911.883397260277,daily_dynamic_rop_next_day_forecast,lower ROP + lower Q,29
SKU0057,AX,92.0,716.0,1126.17,42.0,85.35186685519332,8.903535470356786,358.0,99,0.97,1.0,True,minimum_cost_feasible,1.0,355.30434782608694,25363.866410958904,1.0,203.54347826086956,14694.287273972604,protect_strategic_value,-6.648133144806678,-33.096464529643214,-358.0,0.0,-151.76086956521738,-170908.53847826086,10669.5791369863,daily_dynamic_rop_next_day_forecast,lower ROP + lower Q,30
SKU0120,AY,137.0,554.0,1152.34,76.0,132.65047810525678,24.22249660203703,277.0,97,0.97,1.0,True,minimum_cost_feasible,1.0,308.5978260869565,22558.27735616438,1.0,161.06521739130434,11945.461726027397,protect_strategic_value,-4.349521894743219,-51.777503397962974,-277.0,0.0,-147.53260869565216,-170007.7263043478,10612.815630136984,daily_dynamic_rop_next_day_forecast,lower Q,31
SKU0130,BZ,156.0,402.0,897.74,42.0,41.03122264613887,0.0,201.0,85,0.98,1.0,True,minimum_cost_feasible,1.0,312.19565217391306,17710.882383561646,1.0,126.48913043478261,7205.479712328768,reduce_overstock,-114.96877735386113,-42.0,-201.0,0.0,-185.70652173913044,-166716.17282608696,10505.402671232878,daily_dynamic_rop_next_day_forecast,lower ROP + lower Q,32
SKU0107,AY,191.0,678.0,994.02,46.0,53.18895337022162,1.0438999214506404,339.0,97,0.97,1.0,True,minimum_cost_feasible,1.0,471.07608695652175,29556.73478082192,0.9988095238095238,294.4347826086956,19230.185178082193,protect_strategic_value,-137.8110466297784,-44.95610007854936,-339.0,-0.11904761904761862,-176.64130434782612,-175584.9893478261,10326.549602739728,daily_dynamic_rop_next_day_forecast,lower ROP + lower Q,33
SKU0008,CZ,177.0,491.0,531.57,41.0,57.548265056586686,0.0,246.0,80,0.98,1.0,True,minimum_cost_feasible,1.0,426.5,14336.125794520549,1.0,117.21739130434783,4026.336219178083,reduce_overstock,-119.45173494341331,-41.0,-245.0,0.0,-309.2826086956522,-164405.35630434784,10309.789575342465,daily_dynamic_rop_next_day_forecast,lower ROP + lower Q,34
SKU0112,CZ,145.0,535.0,604.4,72.0,21.09287408737384,0.16583788733345983,268.0,80,0.98,1.0,True,minimum_cost_feasible,1.0,399.4891304347826,15264.735068493152,1.0,132.25,5136.804657534247,reduce_overstock,-123.90712591262616,-71.83416211266655,-267.0,0.0,-267.2391304347826,-161519.3304347826,10127.930410958905,daily_dynamic_rop_next_day_forecast,lower ROP + lower Q,35
SKU0123,AX,123.0,506.0,444.44,41.0,137.19876078338987,11.648304966669569,253.0,99,0.97,1.0,True,minimum_cost_feasible,0.9945705824284304,269.32608695652175,15072.544739726027,1.0,165.30434782608697,4979.4818630137,protect_strategic_value,14.198760783389872,-29.35169503333043,-253.0,0.5429417571569561,-104.02173913043478,-46231.421739130434,10093.062876712327,daily_dynamic_rop_next_day_forecast,raise ROP + lower Q,36
SKU0072,AY,146.0,558.0,831.83,30.0,44.35372949725815,2.7982437827247324,279.0,97,0.97,1.0,True,minimum_cost_feasible,1.0,375.85869565217394,19801.266828767126,0.9992019154030327,176.05434782608697,10130.04528082192,protect_strategic_value,-101.64627050274186,-27.201756217275268,-279.0,-0.07980845969672856,-199.80434782608697,-166203.25065217394,9671.221547945206,daily_dynamic_rop_next_day_forecast,lower ROP + lower Q,37
SKU0090,AY,169.0,559.0,1169.48,30.0,71.68531644399532,9.790494838687161,280.0,97,0.97,1.0,True,minimum_cost_feasible,1.0,374.82608695652175,27722.156383561647,1.0,247.5,18339.08191780822,protect_strategic_value,-97.31468355600468,-20.20950516131284,-279.0,0.0,-127.32608695652175,-148905.31217391306,9383.074465753427,daily_dynamic_rop_next_day_forecast,lower ROP + lower Q,38
SKU0103,AY,197.0,461.0,911.48,53.0,46.94997628972576,0.0,231.0,97,0.97,1.0,True,minimum_cost_feasible,1.0,389.9347826086956,22446.187342465753,1.0,227.18478260869566,13098.52293150685,protect_strategic_value,-150.05002371027425,-53.0,-230.0,0.0,-162.74999999999997,-148343.36999999997,9347.664410958903,daily_dynamic_rop_next_day_forecast,lower ROP + lower Q,39
SKU0045,CZ,123.0,538.0,770.15,57.0,37.85259650045885,3.494930575850042,269.0,80,0.98,1.0,True,minimum_cost_feasible,1.0,354.4891304347826,17253.357500000002,0.998062015503876,156.04347826086956,8080.97,reduce_overstock,-85.14740349954116,-53.50506942414996,-269.0,-0.19379844961240345,-198.44565217391306,-152832.91902173913,9172.3875,daily_dynamic_rop_next_day_forecast,lower ROP + lower Q,40
SKU0143,BZ,202.0,746.0,607.03,66.0,58.38076728378453,0.1270030262030062,373.0,85,0.98,1.0,True,minimum_cost_feasible,1.0,504.7826086956522,19358.543287671233,1.0,265.57608695652175,10208.60547260274,reduce_overstock,-143.61923271621546,-65.872996973797,-373.0,0.0,-239.20652173913044,-145205.53489130436,9149.937815068493,daily_dynamic_rop_next_day_forecast,lower ROP + lower Q,41
SKU0129,CZ,142.0,734.0,710.06,26.0,21.84343549813795,1.2880441203686726,367.0,80,0.98,1.0,True,minimum_cost_feasible,1.0,448.4021739130435,20113.08573972603,1.0,244.95652173913044,11010.21380821918,reduce_overstock,-120.15656450186205,-24.711955879631326,-367.0,0.0,-203.44565217391306,-144458.6197826087,9102.87193150685,daily_dynamic_rop_next_day_forecast,lower ROP + lower Q,42
SKU0033,AY,65.0,611.0,1014.75,10.0,28.858020554690974,1.48657767311032,306.0,97,0.97,1.0,True,minimum_cost_feasible,1.0,338.6847826086956,21706.572089041096,1.0,199.3804347826087,12799.013184931508,protect_strategic_value,-36.141979445309026,-8.51342232688968,-305.0,0.0,-139.30434782608694,-141359.08695652173,8907.558904109588,daily_dynamic_rop_next_day_forecast,lower ROP + lower Q,43
SKU0108,BZ,83.0,605.0,1177.75,33.0,67.92113204668212,0.0,303.0,85,0.98,1.0,True,minimum_cost_feasible,1.0,299.2391304347826,22257.84760273973,1.0,181.02173913043478,13484.416780821919,reduce_overstock,-15.078867953317882,-33.0,-302.0,0.0,-118.21739130434784,-139230.53260869568,8773.430821917811,daily_dynamic_rop_next_day_forecast,lower ROP + lower Q,44
SKU0084,AX,190.0,756.0,744.28,47.0,65.53566863709403,4.867927382330212,378.0,99,0.97,1.0,True,minimum_cost_feasible,1.0,531.3695652173913,25021.14526027397,0.9976359338061466,290.8695652173913,16337.73479452055,protect_strategic_value,-124.46433136290597,-42.13207261766979,-378.0,-0.23640661938534313,-240.49999999999994,-178999.33999999994,8683.41046575342,daily_dynamic_rop_next_day_forecast,lower ROP + lower Q,45
SKU0049,AY,148.0,581.0,775.55,41.0,110.81417741845401,12.966331411490794,291.0,97,0.97,1.0,True,minimum_cost_feasible,1.0,335.8369565217391,16512.444075342468,1.0,162.77173913043478,8154.69948630137,protect_strategic_value,-37.18582258154599,-28.033668588509208,-290.0,0.0,-173.06521739130434,-134220.72934782607,8357.744589041098,daily_dynamic_rop_next_day_forecast,lower ROP + lower Q,46
SKU0073,AY,182.0,736.0,544.3,57.0,39.76536474699886,2.5373708760515026,368.0,97,0.97,1.0,True,minimum_cost_feasible,1.0,474.7282608695652,16332.39897260274,1.0,234.72826086956522,8150.793493150685,protect_strategic_value,-142.23463525300113,-54.462629123948496,-368.0,0.0,-239.99999999999997,-130631.99999999997,8181.605479452054,daily_dynamic_rop_next_day_forecast,lower ROP + lower Q,47
SKU0021,AY,113.0,345.0,931.1,12.0,64.0053338896657,0.0,173.0,97,0.97,1.0,True,minimum_cost_feasible,1.0,239.0108695652174,14123.25883561644,0.99836867862969,84.20652173913044,6052.259657534247,protect_strategic_value,-48.99466611033429,-12.0,-172.0,-0.16313213703099683,-154.80434782608697,-144138.32826086957,8070.999178082193,daily_dynamic_rop_next_day_forecast,lower ROP + lower Q,48
SKU0142,AX,100.0,734.0,785.35,16.0,108.87168362323334,8.024933322957773,367.0,99,0.97,1.0,True,minimum_cost_feasible,1.0,354.2391304347826,17630.518150684933,1.0,194.67391304347825,9883.985273972603,protect_strategic_value,8.871683623233338,-7.975066677042227,-367.0,0.0,-159.56521739130437,-125314.5434782609,7746.53287671233,daily_dynamic_rop_next_day_forecast,raise ROP + lower Q,49
SKU0060,AY,130.0,398.0,943.7,47.0,89.11396389615325,12.763546939397377,199.0,97,0.97,1.0,True,minimum_cost_feasible,1.0,259.9891304347826,15660.52075342466,0.9991974317817014,113.80434782608695,8161.782465753425,protect_strategic_value,-40.88603610384675,-34.23645306060262,-199.0,-0.08025682182986049,-146.18478260869568,-137954.57934782613,7498.738287671235,daily_dynamic_rop_next_day_forecast,lower ROP + lower Q,50
SKU0029,AY,163.0,602.0,862.44,61.0,101.58273787819734,10.571784647845364,301.0,97,0.97,1.0,True,minimum_cost_feasible,1.0,390.4347826086956,21268.38684931507,1.0,256.29347826086956,14028.406,protect_strategic_value,-61.417262121802665,-50.42821535215464,-301.0,0.0,-134.14130434782606,-115688.82652173912,7239.980849315069,daily_dynamic_rop_next_day_forecast,lower ROP + lower Q,51
SKU0124,AY,138.0,528.0,1030.62,56.0,95.11159310823503,17.726016556018568,264.0,97,0.97,1.0,True,minimum_cost_feasible,1.0,330.57608695652175,21668.661684931507,0.9956605593056895,156.02173913043478,14867.887589041098,protect_strategic_value,-42.88840689176497,-38.273983443981436,-264.0,-0.433944069431047,-174.55434782608697,-179899.20195652172,6800.774095890409,daily_dynamic_rop_next_day_forecast,lower ROP + lower Q,52
SKU0046,AX,133.0,476.0,823.22,21.0,126.52043516472287,11.465677706532025,238.0,99,0.97,1.0,True,minimum_cost_feasible,1.0,268.6847826086956,14087.791219178082,1.0,136.75,7343.788232876714,protect_strategic_value,-6.479564835277131,-9.534322293467975,-238.0,0.0,-131.93478260869563,-108611.35173913042,6744.002986301368,daily_dynamic_rop_next_day_forecast,lower Q,53
SKU0145,CZ,193.0,607.0,386.26,54.0,58.61450837892015,0.0,304.0,80,0.98,0.9983136593591906,True,minimum_cost_feasible,1.0,442.4673913043478,10869.510835616438,1.0,165.80434782608697,4135.623315068494,reduce_overstock,-134.38549162107984,-54.0,-303.0,0.0,-276.6630434782609,-106863.86717391304,6733.887520547944,daily_dynamic_rop_next_day_forecast,lower ROP + lower Q,54
SKU0122,CX,117.0,706.0,124.39,33.0,209.6910569105691,4.0,530.0,90,0.95,0.889996014348346,False,no_feasible_candidate_best_service,0.9447969543147208,324.1847826086956,9157.349143835616,1.0,292.6521739130435,2443.8879178082198,correct_understock,92.6910569105691,-29.0,-176.0,5.520304568527923,-31.53260869565213,-3922.3411956521686,6713.461226027396,daily_dynamic_rop_next_day_forecast,Review SLA/grid feasibility,55
SKU0077,AX,211.0,464.0,1130.97,76.0,160.71785623657604,16.867793937735012,232.0,99,0.97,1.0,True,minimum_cost_feasible,1.0,327.5978260869565,23446.784130136984,0.9982964224872232,187.44565217391303,16835.854828767122,protect_strategic_value,-50.28214376342396,-59.132206062264984,-232.0,-0.17035775127768327,-140.15217391304347,-158507.90413043476,6610.9293013698625,daily_dynamic_rop_next_day_forecast,lower ROP + lower Q,56
SKU0133,AY,180.0,551.0,988.13,57.0,42.388198242681504,2.277401816754953,276.0,97,0.97,1.0,True,minimum_cost_feasible,1.0,424.4673913043478,26479.77029452055,1.0,322.8152173913044,20200.323883561647,protect_strategic_value,-137.6118017573185,-54.72259818324505,-275.0,0.0,-101.65217391304344,-100445.56260869562,6279.446410958903,daily_dynamic_rop_next_day_forecast,lower ROP + lower Q,57
SKU0001,CZ,135.0,615.0,695.87,10.0,28.800583335632282,0.0,308.0,80,0.98,1.0,True,minimum_cost_feasible,1.0,360.70652173913044,15866.743801369865,1.0,220.33695652173913,9711.630664383563,reduce_overstock,-106.19941666436772,-10.0,-307.0,0.0,-140.3695652173913,-97678.96934782609,6155.1131369863015,daily_dynamic_rop_next_day_forecast,lower ROP + lower Q,58
SKU0101,BZ,141.0,453.0,926.92,58.0,28.038961188436172,0.8220364448239721,227.0,85,0.98,1.0,True,minimum_cost_feasible,1.0,366.6847826086956,21467.56589041096,1.0,270.7282608695652,15862.874273972602,reduce_overstock,-112.96103881156382,-57.17796355517603,-226.0,0.0,-95.95652173913044,-88944.01913043478,5604.6916164383565,daily_dynamic_rop_next_day_forecast,lower ROP + lower Q,59
SKU0010,AX,199.0,746.0,434.06,64.0,183.15017330114162,6.109292893656942,373.0,99,0.97,0.939250118652112,False,no_feasible_candidate_best_service,0.9993394980184941,391.2717391304348,11324.017410958904,0.9993394980184941,188.55434782608697,5879.3468630136995,protect_strategic_value,-15.84982669885838,-57.89070710634306,-373.0,0.0,-202.71739130434784,-87991.51086956523,5444.670547945205,daily_dynamic_rop_next_day_forecast,Review SLA/grid feasibility,60
SKU0083,AX,135.0,377.0,880.1,39.0,141.54890480830448,15.475181445232543,189.0,99,0.97,1.0,True,minimum_cost_feasible,0.9871382636655949,211.52173913043478,25992.40794520548,0.9875976113918236,127.3695652173913,21075.046712328767,protect_strategic_value,6.548904808304485,-23.524818554767457,-188.0,0.045934772622868714,-84.15217391304348,-74062.32826086957,4917.361232876712,daily_dynamic_rop_next_day_forecast,lower Q,61
SKU0137,AY,121.0,397.0,930.61,59.0,68.3969789642909,6.0419839603484515,199.0,97,0.97,1.0,True,minimum_cost_feasible,1.0,287.4347826086956,16905.514273972603,1.0,207.7826086956522,12284.616958904113,protect_strategic_value,-52.603021035709105,-52.95801603965155,-198.0,0.0,-79.65217391304344,-74125.10956521735,4620.897315068491,daily_dynamic_rop_next_day_forecast,lower ROP + lower Q,62
SKU0024,AX,109.0,689.0,528.31,45.0,68.82564495777049,6.097983651460657,345.0,99,0.97,1.0,True,minimum_cost_feasible,1.0,380.89130434782606,12730.163712328766,1.0,242.6304347826087,8177.3533013698625,protect_strategic_value,-40.17435504222951,-38.90201634853934,-344.0,0.0,-138.26086956521738,-73044.59999999999,4552.810410958903,daily_dynamic_rop_next_day_forecast,lower ROP + lower Q,63
SKU0040,BZ,117.0,588.0,437.87,16.0,70.22085577241839,23.05380631158927,294.0,85,0.98,1.0,True,minimum_cost_feasible,1.0,351.92391304347825,9760.217116438356,1.0,192.1413043478261,5401.526020547945,reduce_overstock,-46.77914422758161,7.05380631158927,-294.0,0.0,-159.78260869565216,-69964.01086956522,4358.691095890411,daily_dynamic_rop_next_day_forecast,lower ROP + lower Q,64
SKU0118,AX,196.0,700.0,457.43,63.0,92.08507063009444,14.527194424549414,350.0,99,0.97,1.0,True,minimum_cost_feasible,1.0,485.55434782608694,14145.79145890411,0.999000999000999,288.5326086956522,9829.586678082193,protect_strategic_value,-103.91492936990556,-48.472805575450586,-350.0,-0.09990009990009652,-197.02173913043475,-90123.65413043478,4316.204780821918,daily_dynamic_rop_next_day_forecast,lower ROP + lower Q,65
SKU0094,AY,227.0,787.0,451.29,78.0,134.81815507168153,4.523720189718304,394.0,97,0.97,1.0,True,minimum_cost_feasible,1.0,503.3804347826087,14414.856979452057,0.9948119325551232,235.06521739130434,10227.775849315069,protect_strategic_value,-92.18184492831847,-73.4762798102817,-393.0,-0.5188067444876765,-268.3152173913044,-121087.97445652176,4187.081130136989,daily_dynamic_rop_next_day_forecast,lower ROP + lower Q,66
SKU0078,BZ,132.0,501.0,698.12,26.0,20.859006839182857,0.0,251.0,85,0.98,1.0,True,minimum_cost_feasible,1.0,356.70652173913044,15741.920575342469,1.0,280.4673913043478,12338.075589041095,reduce_overstock,-111.14099316081715,-26.0,-250.0,0.0,-76.23913043478262,-53224.06173913045,3403.844986301374,daily_dynamic_rop_next_day_forecast,lower ROP + lower Q,67
SKU0085,CZ,171.0,665.0,338.88,60.0,50.742217479849714,4.527396348338744,333.0,80,0.98,1.0,True,minimum_cost_feasible,1.0,441.54347826086956,9478.755726027397,1.0,282.60869565217394,6084.849315068494,reduce_overstock,-120.25778252015029,-55.47260365166126,-332.0,0.0,-158.93478260869563,-53859.81913043477,3393.9064109589026,daily_dynamic_rop_next_day_forecast,lower ROP + lower Q,68
SKU0134,AX,140.0,525.0,434.44,48.0,142.89879973465418,14.206851905286472,263.0,99,0.97,1.0,True,minimum_cost_feasible,1.0,292.8369565217391,8216.608246575342,1.0,165.82608695652175,4939.600438356165,protect_strategic_value,2.898799734654176,-33.79314809471353,-262.0,0.0,-127.01086956521738,-55178.60217391304,3277.0078082191776,daily_dynamic_rop_next_day_forecast,lower Q,69
SKU0102,AX,127.0,549.0,980.43,26.0,110.51490582540099,4.050428957172443,275.0,99,0.97,1.0,True,minimum_cost_feasible,1.0,287.3369565217391,17901.82674657534,0.9958540630182421,131.8804347826087,14646.841910958905,protect_strategic_value,-16.485094174599013,-21.949571042827557,-274.0,-0.4145936981757914,-155.45652173913044,-152414.23760869564,3254.9848356164366,daily_dynamic_rop_next_day_forecast,lower ROP + lower Q,70
SKU0076,BZ,116.0,352.0,950.21,16.0,120.47753335054061,3.5474587603827525,176.0,85,0.98,0.9642233856893543,False,no_feasible_candidate_best_service,1.0,214.6413043478261,12951.915664383565,1.0,159.16304347826087,9730.085636986303,reduce_overstock,4.477533350540611,-12.452541239617247,-176.0,0.0,-55.47826086956522,-52715.99826086957,3221.830027397262,daily_dynamic_rop_next_day_forecast,Review SLA/grid feasibility,71
SKU0037,AX,180.0,664.0,643.69,32.0,96.57782966313957,1.6957489373197276,332.0,99,0.97,1.0,True,minimum_cost_feasible,1.0,433.5326086956522,17684.640856164388,0.9980519480519481,283.3369565217391,14502.021801369865,protect_strategic_value,-83.42217033686043,-30.304251062680272,-332.0,-0.1948051948051921,-150.19565217391306,-96679.4393478261,3182.6190547945225,daily_dynamic_rop_next_day_forecast,lower ROP + lower Q,72
SKU0066,AX,180.0,775.0,313.34,70.0,199.04708582909035,16.5152066847722,388.0,99,0.97,1.0,True,minimum_cost_feasible,0.9889263360616274,460.60869565217394,19138.40619178082,0.9894077997111218,317.75,15985.362342465753,protect_strategic_value,19.04708582909035,-53.484793315227805,-387.0,0.0481463649494418,-142.85869565217394,-44763.34369565218,3153.0438493150687,daily_dynamic_rop_next_day_forecast,raise ROP + lower Q,73
SKU0042,AY,131.0,364.0,505.49,69.0,109.6859284401088,19.618900134481088,182.0,97,0.97,1.0,True,minimum_cost_feasible,1.0,215.8913043478261,7126.741356164384,1.0,115.0,4113.071369863013,protect_strategic_value,-21.314071559891204,-49.38109986551891,-182.0,0.0,-100.8913043478261,-50999.545434782616,3013.669986301371,daily_dynamic_rop_next_day_forecast,lower ROP + lower Q,74
SKU0011,CZ,165.0,444.0,412.72,65.0,20.848644270227407,0.0,222.0,80,0.98,1.0,True,minimum_cost_feasible,1.0,356.4891304347826,9321.21769863014,0.9959349593495935,223.94565217391303,6559.157643835617,reduce_overstock,-144.1513557297726,-65.0,-222.0,-0.40650406504064707,-132.5434782608696,-54703.3443478261,2762.0600547945232,daily_dynamic_rop_next_day_forecast,lower ROP + lower Q,75
SKU0016,CX,150.0,760.0,217.42,79.0,79.14634146341463,7.0,380.0,90,0.95,1.0,True,minimum_cost_feasible,1.0,444.9673913043478,6246.248315068493,1.0,242.57608695652175,3573.3987260273975,correct_understock,-70.85365853658537,-72.0,-380.0,0.0,-202.39130434782606,-44003.91739130434,2672.8495890410954,daily_dynamic_rop_next_day_forecast,lower ROP + lower Q,76
SKU0015,AX,189.0,511.0,1131.76,78.0,48.734079564089015,4.723940148771039,256.0,99,0.97,1.0,True,minimum_cost_feasible,1.0,413.3369565217391,29577.69693150685,0.993705743509048,202.59782608695653,27062.464273972604,protect_strategic_value,-140.26592043591097,-73.27605985122896,-255.0,-0.6294256490952055,-210.7391304347826,-238506.11826086955,2515.232657534245,daily_dynamic_rop_next_day_forecast,lower ROP + lower Q,77
SKU0032,CZ,165.0,309.0,346.34,48.0,20.76605609929755,0.37476555194687755,155.0,80,0.98,1.0,True,minimum_cost_feasible,1.0,301.92391304347825,6639.237109589041,1.0,187.81521739130434,4148.910178082191,reduce_overstock,-144.23394390070246,-47.62523444805312,-154.0,0.0,-114.1086956521739,-39520.40565217391,2490.32693150685,daily_dynamic_rop_next_day_forecast,lower ROP + lower Q,78
SKU0022,AY,120.0,334.0,301.23,29.0,77.0700381756692,20.095915413986834,167.0,97,0.97,0.9810554803788903,True,minimum_cost_feasible,1.0,241.7391304347826,4838.599452054795,1.0,105.59782608695652,2454.4174315068494,protect_strategic_value,-42.9299618243308,-8.904084586013166,-167.0,0.0,-136.14130434782606,-41009.84510869565,2384.1820205479453,daily_dynamic_rop_next_day_forecast,lower ROP + lower Q,79
SKU0043,CZ,90.0,445.0,285.56,11.0,23.216087896128418,2.5888061358237087,223.0,80,0.98,1.0,True,minimum_cost_feasible,1.0,316.55434782608694,5746.139643835617,1.0,224.7173913043478,4093.6078356164385,reduce_overstock,-66.78391210387159,-8.41119386417629,-222.0,0.0,-91.83695652173913,-26224.961304347824,1652.5318082191784,daily_dynamic_rop_next_day_forecast,lower ROP + lower Q,80
SKU0069,CZ,195.0,650.0,259.33,77.0,18.73833260638284,1.0072299971811,325.0,80,0.98,1.0,True,minimum_cost_feasible,1.0,428.94565217391306,7059.547801369864,1.0,344.1630434782609,5624.086157534247,reduce_overstock,-176.26166739361716,-75.9927700028189,-325.0,0.0,-84.78260869565219,-21986.67391304348,1435.461643835617,daily_dynamic_rop_next_day_forecast,lower ROP + lower Q,81
SKU0104,CZ,98.0,737.0,124.52,39.0,41.346520800713805,0.0,369.0,80,0.98,1.0,True,minimum_cost_feasible,1.0,373.42391304347825,2980.0579452054794,1.0,197.2826086956522,1597.9712328767125,reduce_overstock,-56.653479199286195,-39.0,-368.0,0.0,-176.14130434782606,-21933.1152173913,1382.086712328767,daily_dynamic_rop_next_day_forecast,lower ROP + lower Q,82
SKU0003,CZ,75.0,327.0,193.65,11.0,76.62624801688796,6.463625651436308,164.0,80,0.98,0.9065550906555091,False,no_feasible_candidate_best_service,1.0,187.5,2337.9880136986303,1.0,130.91304347826087,1697.4798630136988,reduce_overstock,1.6262480168879563,-4.536374348563692,-163.0,0.0,-56.586956521739125,-10958.064130434783,640.5081506849315,daily_dynamic_rop_next_day_forecast,Review SLA/grid feasibility,83
SKU0092,BZ,171.0,748.0,1078.32,37.0,67.96737919082338,0.0,374.0,85,0.98,1.0,True,minimum_cost_feasible,1.0,360.7173913043478,24560.361315068494,1.0,352.5869565217391,23957.90695890411,reduce_overstock,-103.03262080917662,-37.0,-374.0,0.0,-8.130434782608688,-8767.2104347826,602.4543561643841,daily_dynamic_rop_next_day_forecast,lower ROP + lower Q,84
SKU0067,CZ,163.0,764.0,45.42,50.0,30.793028697138947,3.0386129713833334,382.0,80,0.98,1.0,True,minimum_cost_feasible,1.0,470.7608695652174,1397.356301369863,1.0,346.19565217391306,1040.8404109589042,reduce_overstock,-132.20697130286106,-46.96138702861667,-382.0,0.0,-124.56521739130432,-5657.7521739130425,356.51589041095895,daily_dynamic_rop_next_day_forecast,lower ROP + lower Q,85
SKU0059,CZ,95.0,404.0,27.57,45.0,20.430041583020024,0.0,202.0,80,0.98,1.0,True,minimum_cost_feasible,1.0,301.0,622.923589041096,1.0,101.19565217391305,275.8059589041096,reduce_overstock,-74.56995841697997,-45.0,-202.0,0.0,-199.80434782608694,-5508.605869565217,347.11763013698635,daily_dynamic_rop_next_day_forecast,lower ROP + lower Q,86
SKU0139,BZ,177.0,585.0,645.72,33.0,35.57035907779733,1.0696479355093271,293.0,85,0.98,1.0,True,minimum_cost_feasible,1.0,429.7282608695652,17535.301506849315,1.0,423.3695652173913,17226.571232876715,reduce_overstock,-141.42964092220268,-31.930352064490673,-292.0,0.0,-6.358695652173878,-4105.936956521717,308.7302739726001,daily_dynamic_rop_next_day_forecast,lower ROP + lower Q,87
SKU0070,CZ,113.0,432.0,74.46,42.0,110.63301009208018,13.09597047261473,216.0,80,0.98,1.0,True,minimum_cost_feasible,1.0,264.39130434782606,1290.524,1.0,191.6086956521739,999.0279999999999,reduce_overstock,-2.366989907919816,-28.90402952738527,-216.0,0.0,-72.78260869565216,-5419.39304347826,291.496,daily_dynamic_rop_next_day_forecast,lower Q,88
SKU0096,CZ,200.0,333.0,20.2,57.0,46.81010687747023,0.0,250.0,80,0.98,1.0,True,minimum_cost_feasible,1.0,324.8478260869565,513.4912328767123,1.0,232.6086956521739,346.0821917808219,reduce_overstock,-153.18989312252978,-57.0,-83.0,0.0,-92.2391304347826,-1863.2304347826084,167.40904109589036,daily_dynamic_rop_next_day_forecast,lower ROP + lower Q,89
SKU0034,CZ,165.0,585.0,304.26,20.0,117.6133347942848,19.003518581211466,293.0,80,0.98,1.0,True,minimum_cost_feasible,1.0,353.82608695652175,6833.747616438357,1.0,347.4673913043478,6711.835219178082,reduce_overstock,-47.386665205715204,-0.9964814187885338,-292.0,0.0,-6.358695652173935,-1934.6967391304415,121.9123972602747,daily_dynamic_rop_next_day_forecast,lower ROP + lower Q,90
SKU0017,BZ,127.0,519.0,919.92,20.0,34.95324419029489,0.0,260.0,85,0.98,1.0,True,minimum_cost_feasible,1.0,387.5652173913044,22516.21063013699,1.0,387.5652173913044,22466.21063013699,reduce_overstock,-92.0467558097051,-20.0,-259.0,0.0,0.0,0.0,50.0,daily_dynamic_rop_next_day_forecast,lower ROP + lower Q,91
SKU0079,CZ,120.0,757.0,370.13,42.0,29.54642289533239,1.0025754887019702,379.0,80,0.98,1.0,True,minimum_cost_feasible,1.0,336.4130434782609,7896.24897260274,1.0,336.4130434782609,7846.24897260274,reduce_overstock,-90.4535771046676,-40.99742451129803,-378.0,0.0,0.0,0.0,50.0,daily_dynamic_rop_next_day_forecast,lower ROP + lower Q,92
SKU0081,CZ,209.0,444.0,82.75,68.0,59.319491651000504,0.0,222.0,80,0.98,1.0,True,minimum_cost_feasible,1.0,425.3369565217391,2267.8700342465754,1.0,425.3369565217391,2217.8700342465754,reduce_overstock,-149.6805083489995,-68.0,-222.0,0.0,0.0,0.0,50.0,daily_dynamic_rop_next_day_forecast,lower ROP + lower Q,93
SKU0023,CZ,187.0,552.0,142.96,68.0,34.80337456736128,6.393350517151716,276.0,80,0.98,1.0,True,minimum_cost_feasible,1.0,434.60869565217394,3915.145643835617,1.0,434.60869565217394,3915.145643835617,reduce_overstock,-152.1966254326387,-61.60664948284828,-276.0,0.0,0.0,0.0,0.0,daily_dynamic_rop_next_day_forecast,lower ROP + lower Q,94
SKU0114,AZ,93.0,777.0,948.59,42.0,69.38433622168496,0.0,389.0,90,0.98,1.0,True,minimum_cost_feasible,1.0,403.2173913043478,24101.982630136987,1.0,403.2173913043478,24101.982630136987,reduce_overstock,-23.61566377831504,-42.0,-388.0,0.0,0.0,0.0,0.0,daily_dynamic_rop_next_day_forecast,lower ROP + lower Q,95
SKU0125,AY,142.0,640.0,531.38,32.0,56.11491223854558,2.0743129450832427,320.0,97,0.97,1.0,True,minimum_cost_feasible,1.0,449.3695652173913,15146.789013698632,0.9917638984214139,290.2826086956522,16363.446493150685,protect_strategic_value,-85.88508776145443,-29.925687054916757,-320.0,-0.8236101578586119,-159.08695652173913,-84535.62695652174,-1216.657479452053,daily_dynamic_rop_next_day_forecast,lower ROP + lower Q,96
SKU0087,AY,142.0,350.0,978.05,17.0,125.68186188344723,0.0,175.0,97,0.97,1.0,True,minimum_cost_feasible,1.0,210.41304347826087,13117.871164383563,0.9905263157894737,99.45652173913044,14419.079931506849,protect_strategic_value,-16.318138116552774,-17.0,-175.0,-0.9473684210526301,-110.95652173913044,-108521.02608695652,-1301.2087671232857,daily_dynamic_rop_next_day_forecast,lower ROP + lower Q,97
SKU0144,AY,175.0,781.0,996.51,45.0,126.45911498195255,1.88458137732,391.0,97,0.97,1.0,True,minimum_cost_feasible,1.0,444.94565217391306,28039.819760273975,0.9854198089492208,232.95652173913044,29666.65076712329,protect_strategic_value,-48.54088501804745,-43.11541862268,-390.0,-1.4580191050779234,-211.98913043478262,-211249.28836956524,-1626.8310068493156,daily_dynamic_rop_next_day_forecast,lower ROP + lower Q,98
SKU0150,AY,162.0,634.0,995.95,23.0,82.25993198905618,10.411113860797938,317.0,97,0.97,1.0,True,minimum_cost_feasible,1.0,421.5217391304348,26554.069178082194,0.9881255301102629,159.19565217391303,28473.47924657534,protect_strategic_value,-79.74006801094382,-12.588886139202062,-317.0,-1.187446988973706,-262.32608695652175,-261263.66630434786,-1919.4100684931473,daily_dynamic_rop_next_day_forecast,lower ROP + lower Q,99
SKU0127,BZ,128.0,365.0,388.72,36.0,90.8609998283911,0.0,183.0,85,0.98,1.0,True,minimum_cost_feasible,1.0,252.07608695652175,6274.524328767125,0.975609756097561,108.1413043478261,9905.937178082193,reduce_overstock,-37.1390001716089,-36.0,-182.0,-2.4390243902439046,-143.93478260869566,-55950.32869565218,-3631.4128493150683,daily_dynamic_rop_next_day_forecast,lower ROP + lower Q,100
SKU0061,AY,179.0,684.0,816.25,34.0,135.57164987064607,8.03301983909879,342.0,97,0.97,1.0,True,minimum_cost_feasible,1.0,365.7717391304348,19013.444349315072,0.9865116279069768,161.7826086956522,23488.827397260276,protect_strategic_value,-43.42835012935393,-25.96698016090121,-342.0,-1.3488372093023226,-203.98913043478262,-166506.12771739133,-4475.383047945204,daily_dynamic_rop_next_day_forecast,lower ROP + lower Q,101
SKU0068,AY,154.0,496.0,1100.3,42.0,156.64925961629837,0.5206793233272009,248.0,97,0.97,1.0,True,minimum_cost_feasible,0.9841269841269841,268.1630434782609,33643.20910958904,0.9706349206349206,150.2173913043478,38230.90849315068,protect_strategic_value,2.649259616298366,-41.4793206766728,-248.0,-1.3492063492063444,-117.94565217391306,-129775.60108695654,-4587.699383561638,daily_dynamic_rop_next_day_forecast,lower Q,102
SKU0050,AX,122.0,362.0,602.07,18.0,86.84874723374158,10.462038619424437,181.0,99,0.97,0.9899665551839465,True,minimum_cost_feasible,1.0,229.2391304347826,8997.0248630137,0.9909307875894988,109.44565217391305,15114.221116438355,protect_strategic_value,-35.15125276625842,-7.537961380575563,-181.0,-0.9069212410501182,-119.79347826086955,-72124.05945652173,-6117.196253424656,daily_dynamic_rop_next_day_forecast,lower ROP + lower Q,103
SKU0100,AY,222.0,338.0,947.84,73.0,49.05556602117694,6.8751223399166985,169.0,97,0.97,1.0,True,minimum_cost_feasible,1.0,356.1195652173913,21419.919123287673,0.986784140969163,146.0,28203.578,protect_strategic_value,-172.94443397882304,-66.1248776600833,-169.0,-1.3215859030836996,-210.1195652173913,-199159.7286956522,-6783.6588767123285,daily_dynamic_rop_next_day_forecast,lower ROP + lower Q,104
SKU0093,AX,161.0,668.0,652.75,73.0,183.60433548323692,4.214398215238719,334.0,99,0.97,1.0,True,minimum_cost_feasible,0.9958275382475661,337.0108695652174,17327.815719178085,0.9749652294853964,165.42391304347825,27199.16811643836,protect_strategic_value,22.604335483236923,-68.78560178476128,-334.0,-2.0862308762169657,-171.58695652173913,-112003.38586956522,-9871.352397260274,daily_dynamic_rop_next_day_forecast,raise ROP + lower Q,105
SKU0026,AY,185.0,670.0,896.53,76.0,107.72370833970285,2.060077303225654,335.0,97,0.97,1.0,True,minimum_cost_feasible,1.0,424.14130434782606,24011.299404109588,0.9767711962833914,224.70652173913044,38951.696363013696,protect_strategic_value,-77.27629166029715,-73.93992269677435,-335.0,-2.3228803716608626,-199.43478260869563,-178799.2656521739,-14940.396958904108,daily_dynamic_rop_next_day_forecast,lower ROP + lower Q,106
SKU0136,AY,113.0,605.0,1035.59,35.0,111.12890159616575,6.418699169955027,303.0,97,0.97,0.9976057462090981,True,minimum_cost_feasible,1.0,312.7173913043478,20556.797465753425,0.9754450583179864,191.56521739130434,36961.64805479452,protect_strategic_value,-1.871098403834253,-28.581300830044974,-302.0,-2.4554941682013554,-121.15217391304347,-125463.97978260867,-16404.850589041092,daily_dynamic_rop_next_day_forecast,lower Q,107
SKU0071,AY,165.0,657.0,788.38,23.0,145.89280479764912,1.6269549772268528,329.0,97,0.97,1.0,True,minimum_cost_feasible,1.0,360.0978260869565,17989.20617808219,0.978689818468824,159.20652173913044,37733.03935616438,protect_strategic_value,-19.10719520235088,-21.373045022773148,-328.0,-2.131018153117603,-200.89130434782606,-158378.68652173912,-19743.83317808219,daily_dynamic_rop_next_day_forecast,lower ROP + lower Q,108
SKU0147,AX,216.0,465.0,901.02,74.0,132.23433168976106,9.314654023732974,233.0,99,0.97,1.0,True,minimum_cost_feasible,1.0,344.5326086956522,19711.391054794523,0.9757188498402556,194.19565217391303,58840.36939726026,protect_strategic_value,-83.76566831023894,-64.68534597626703,-232.0,-2.4281150159744413,-150.33695652173915,-135456.60456521742,-39128.978342465736,daily_dynamic_rop_next_day_forecast,lower ROP + lower Q,109