scenario_id,scenario_seed,scenario_probability,horizon_start,horizon_end,horizon_days,sku_count,calibration_window_start,calibration_window_end,forecast_anchor_window_start,forecast_anchor_window_end,residual_block_days,lead_time_multiplier,ordering_cost_per_order,annual_holding_rate,stockout_margin_multiplier,mean_stressed_lead_time_days,sampled_residual_mean,sampled_residual_std,clipped_negative_demand_sku_days,total_demand,old_fill_rate,new_fill_rate,fill_rate_delta_percentage_points,old_cycle_service_level,new_cycle_service_level,old_avg_inventory,new_avg_inventory,avg_inventory_change_pct,old_num_orders,new_num_orders,old_stockout_cost,new_stockout_cost,old_holding_cost,new_holding_cost,old_ordering_cost,new_ordering_cost,old_total_cost,new_total_cost,total_cost_savings,total_cost_change_pct,demand_sampling_method,forecast_anchor,lead_time_sampling_method,policy_contract_semantics,pairing_semantics,evaluation_semantics
policy_stress_00001,42,0.01,2025-10-01,2025-12-31,92,109,2025-05-31,2025-09-30,2025-10-01,2025-12-31,7,1.2,50.0,0.25,1.0,8.082568807339449,-0.9232503427499026,5.715352128830948,132,118427.20203141408,0.9604117135883603,0.989933284066073,2.9521570477712644,0.8167202572347267,0.8872017353579176,36395.05755633999,22410.79529862602,-38.42352010589944,222.0,396.0,4266991.022489392,1033438.5440269848,1644977.2418540912,991526.3965721953,11100.0,19800.0,5923068.264343483,2044764.9405991803,3878303.323744303,-65.47794404281066,sku_calibration_residual_moving_block_bootstrap,sku_daily_final_forecast_vector,paired_scenario_level_multiplier_rounded_up,old_static_rop_new_dynamic_next_day_forecast_rop,common_demand_path_initial_inventory_and_lead_time_shock,forward_stress_sensitivity_not_prediction_interval_or_causal_savings
policy_stress_00002,42,0.01,2025-10-01,2025-12-31,92,109,2025-05-31,2025-09-30,2025-10-01,2025-12-31,7,1.5,50.0,0.25,1.0,10.174311926605505,-0.9872535677831573,5.702410995916664,138,117823.3750330779,0.9364348405765759,0.9840595815034058,4.762474092682989,0.7366666666666667,0.8910675381263616,34736.771567733,22622.270514287804,-34.875149608601966,214.0,405.0,6463904.24631302,1738602.2433242635,1566185.743199959,997920.5341197349,10700.0,20250.0,8040789.989512978,2756772.7774439985,5284017.21206898,-65.7151501153561,sku_calibration_residual_moving_block_bootstrap,sku_daily_final_forecast_vector,paired_scenario_level_multiplier_rounded_up,old_static_rop_new_dynamic_next_day_forecast_rop,common_demand_path_initial_inventory_and_lead_time_shock,forward_stress_sensitivity_not_prediction_interval_or_causal_savings
policy_stress_00003,42,0.01,2025-10-01,2025-12-31,92,109,2025-05-31,2025-09-30,2025-10-01,2025-12-31,7,1.0,50.0,0.25,1.0,6.5504587155963305,-1.0125497054656571,5.627718217476957,130,117501.5965457108,0.9745587172005519,0.9923030407797905,1.7744323579238608,0.8481012658227848,0.9168490153172867,37925.50622854155,22304.04284400025,-41.189861225333026,218.0,379.0,2883328.3784102723,834015.9982447335,1716664.3342541417,989930.2668452356,10900.0,18950.0,4610892.712664414,1842896.2650899692,2767996.447574445,-60.031681933777904,sku_calibration_residual_moving_block_bootstrap,sku_daily_final_forecast_vector,paired_scenario_level_multiplier_rounded_up,old_static_rop_new_dynamic_next_day_forecast_rop,common_demand_path_initial_inventory_and_lead_time_shock,forward_stress_sensitivity_not_prediction_interval_or_causal_savings
policy_stress_00004,42,0.01,2025-10-01,2025-12-31,92,109,2025-05-31,2025-09-30,2025-10-01,2025-12-31,7,1.2,50.0,0.25,1.0,8.082568807339449,-1.0167756637252439,5.619522775276397,129,117445.91864975063,0.9579622980284023,0.9884832124448643,3.0520914416461986,0.8051948051948052,0.893569844789357,36434.2461560209,22538.89370239194,-38.13816373234526,215.0,388.0,4560388.634146268,1199303.1271914807,1644419.5858629406,994023.351781586,10750.0,19400.0,6215558.220009207,2212726.478973067,4002831.74103614,-64.4001970434477,sku_calibration_residual_moving_block_bootstrap,sku_daily_final_forecast_vector,paired_scenario_level_multiplier_rounded_up,old_static_rop_new_dynamic_next_day_forecast_rop,common_demand_path_initial_inventory_and_lead_time_shock,forward_stress_sensitivity_not_prediction_interval_or_causal_savings
policy_stress_00005,42,0.01,2025-10-01,2025-12-31,92,109,2025-05-31,2025-09-30,2025-10-01,2025-12-31,7,1.2,50.0,0.25,1.0,8.082568807339449,-0.9777101744256669,5.551528153572369,142,117836.54890764374,0.9572269838280958,0.9876582643118932,3.0431280483797396,0.805921052631579,0.8893805309734514,36198.64096445069,22443.13168445948,-38.000071034434626,221.0,397.0,4587009.985526027,1279593.4364278116,1637252.0694380552,993590.3318532615,11050.0,19850.0,6235312.05496408,2293033.7682810733,3942278.286683007,-63.22503592333386,sku_calibration_residual_moving_block_bootstrap,sku_daily_final_forecast_vector,paired_scenario_level_multiplier_rounded_up,old_static_rop_new_dynamic_next_day_forecast_rop,common_demand_path_initial_inventory_and_lead_time_shock,forward_stress_sensitivity_not_prediction_interval_or_causal_savings
policy_stress_00006,42,0.01,2025-10-01,2025-12-31,92,109,2025-05-31,2025-09-30,2025-10-01,2025-12-31,7,1.2,50.0,0.25,1.0,8.082568807339449,-1.0148325210653153,5.567370162416039,107,117496.58407452173,0.9610032418158426,0.9881948649622828,2.719162314644019,0.8006430868167203,0.8706140350877193,36339.068451076935,22288.503655648157,-38.66517606070439,219.0,392.0,4119040.130236506,1173726.5542622146,1641784.8456550506,991357.858477101,10950.0,19600.0,5771774.9758915575,2184684.4127393155,3587090.563152242,-62.14882905406667,sku_calibration_residual_moving_block_bootstrap,sku_daily_final_forecast_vector,paired_scenario_level_multiplier_rounded_up,old_static_rop_new_dynamic_next_day_forecast_rop,common_demand_path_initial_inventory_and_lead_time_shock,forward_stress_sensitivity_not_prediction_interval_or_causal_savings
policy_stress_00007,42,0.01,2025-10-01,2025-12-31,92,109,2025-05-31,2025-09-30,2025-10-01,2025-12-31,7,1.2,50.0,0.25,1.0,8.082568807339449,-0.9113816827619757,5.665198242461012,148,118580.35403808861,0.9582654196125335,0.9893722739256593,3.1106854313125765,0.8058252427184466,0.8925438596491229,36716.30547998171,22369.136460010843,-39.07574259559738,217.0,397.0,4490790.6585921245,1117701.276029204,1660758.3034169844,988892.7523922792,10850.0,19850.0,6162398.962009109,2126444.0284214835,4035954.933587625,-65.49324310985205,sku_calibration_residual_moving_block_bootstrap,sku_daily_final_forecast_vector,paired_scenario_level_multiplier_rounded_up,old_static_rop_new_dynamic_next_day_forecast_rop,common_demand_path_initial_inventory_and_lead_time_shock,forward_stress_sensitivity_not_prediction_interval_or_causal_savings
policy_stress_00008,42,0.01,2025-10-01,2025-12-31,92,109,2025-05-31,2025-09-30,2025-10-01,2025-12-31,7,1.2,50.0,0.25,1.0,8.082568807339449,-0.8932314908509986,5.64277531634756,142,118729.64254133747,0.9553186671051243,0.9876948386638568,3.2376171558732514,0.7896440129449838,0.8842794759825328,36387.644032202166,22359.313149303765,-38.55245717607788,222.0,391.0,4915254.5021846425,1381096.8501820005,1644149.0825033733,987826.4474528994,11100.0,19550.0,6570503.584688016,2388473.2976349,4182030.287053116,-63.64855042159891,sku_calibration_residual_moving_block_bootstrap,sku_daily_final_forecast_vector,paired_scenario_level_multiplier_rounded_up,old_static_rop_new_dynamic_next_day_forecast_rop,common_demand_path_initial_inventory_and_lead_time_shock,forward_stress_sensitivity_not_prediction_interval_or_causal_savings
policy_stress_00009,42,0.01,2025-10-01,2025-12-31,92,109,2025-05-31,2025-09-30,2025-10-01,2025-12-31,7,1.0,50.0,0.25,1.0,6.5504587155963305,-0.8148361190549506,5.678466060955434,154,119518.99902095374,0.9730953675777352,0.989343291282958,1.6247923705222767,0.8517350157728707,0.8809523809523809,38069.76469395117,22162.984088487472,-41.783238570925796,224.0,388.0,3063458.9598675016,1096620.9270121683,1725704.1408716196,987577.9537618369,11200.0,19400.0,4800363.1007391205,2103598.8807740053,2696764.219965115,-56.17833825007716,sku_calibration_residual_moving_block_bootstrap,sku_daily_final_forecast_vector,paired_scenario_level_multiplier_rounded_up,old_static_rop_new_dynamic_next_day_forecast_rop,common_demand_path_initial_inventory_and_lead_time_shock,forward_stress_sensitivity_not_prediction_interval_or_causal_savings
policy_stress_00010,42,0.01,2025-10-01,2025-12-31,92,109,2025-05-31,2025-09-30,2025-10-01,2025-12-31,7,0.8,50.0,0.25,1.0,5.522935779816514,-0.9740129157552385,5.612200085757565,145,117898.59460374789,0.9824187367720898,0.9928151249857287,1.0396388213638863,0.8670886075949367,0.9070796460176991,39021.12676027862,22182.26489263346,-43.15319229783545,225.0,379.0,1950691.170472176,719173.8248666064,1765251.2617465772,984623.0501243282,11250.0,18950.0,3727192.4322187533,1722746.8749909343,2004445.557227819,-53.77896617037818,sku_calibration_residual_moving_block_bootstrap,sku_daily_final_forecast_vector,paired_scenario_level_multiplier_rounded_up,old_static_rop_new_dynamic_next_day_forecast_rop,common_demand_path_initial_inventory_and_lead_time_shock,forward_stress_sensitivity_not_prediction_interval_or_causal_savings
policy_stress_00011,42,0.01,2025-10-01,2025-12-31,92,109,2025-05-31,2025-09-30,2025-10-01,2025-12-31,7,0.8,50.0,0.25,1.0,5.522935779816514,-1.002189749305231,5.596825988159105,134,117632.7135387893,0.9839794424471139,0.9922624460097234,0.828300356260947,0.8949044585987261,0.9161147902869757,38993.4029749834,22247.534670010387,-42.94538826405198,220.0,371.0,1771593.2091135462,749825.1831652831,1768569.2297543795,988082.5061528494,11000.0,18550.0,3551162.438867925,1756457.6893181321,1794704.749549793,-50.538514653864354,sku_calibration_residual_moving_block_bootstrap,sku_daily_final_forecast_vector,paired_scenario_level_multiplier_rounded_up,old_static_rop_new_dynamic_next_day_forecast_rop,common_demand_path_initial_inventory_and_lead_time_shock,forward_stress_sensitivity_not_prediction_interval_or_causal_savings
policy_stress_00012,42,0.01,2025-10-01,2025-12-31,92,109,2025-05-31,2025-09-30,2025-10-01,2025-12-31,7,1.5,50.0,0.25,1.0,10.174311926605505,-0.9890382529378465,5.6685122995489285,113,117739.54983108284,0.9329139580688943,0.9834074862382061,5.049352816931174,0.7290969899665551,0.8915929203539823,35061.81362703837,22488.95253739333,-35.859129317684,209.0,403.0,6687347.457455099,1821618.522343216,1574853.6408040999,992824.3610560318,10450.0,20150.0,8272651.098259198,2834592.8833992486,5438058.214859949,-65.73537491511362,sku_calibration_residual_moving_block_bootstrap,sku_daily_final_forecast_vector,paired_scenario_level_multiplier_rounded_up,old_static_rop_new_dynamic_next_day_forecast_rop,common_demand_path_initial_inventory_and_lead_time_shock,forward_stress_sensitivity_not_prediction_interval_or_causal_savings
policy_stress_00013,42,0.01,2025-10-01,2025-12-31,92,109,2025-05-31,2025-09-30,2025-10-01,2025-12-31,7,1.0,50.0,0.25,1.0,6.5504587155963305,-1.0233994608049761,5.63646741442182,130,117398.49210559812,0.9730193665983509,0.9903835694399815,1.736420284163065,0.853125,0.9074889867841409,37961.38895253084,22415.342573814967,-40.95225914456283,219.0,382.0,2932975.873233578,953348.1895935715,1715830.2559288987,992454.8734887304,10950.0,19100.0,4659756.129162476,1964903.0630823018,2694853.0660801744,-57.832491473422564,sku_calibration_residual_moving_block_bootstrap,sku_daily_final_forecast_vector,paired_scenario_level_multiplier_rounded_up,old_static_rop_new_dynamic_next_day_forecast_rop,common_demand_path_initial_inventory_and_lead_time_shock,forward_stress_sensitivity_not_prediction_interval_or_causal_savings
policy_stress_00014,42,0.01,2025-10-01,2025-12-31,92,109,2025-05-31,2025-09-30,2025-10-01,2025-12-31,7,1.0,50.0,0.25,1.0,6.5504587155963305,-0.9736259945636992,5.622014748175938,113,117898.88016575557,0.9720281157215451,0.9907427448867496,1.87146291652045,0.8459119496855346,0.9116997792494481,38034.51223736136,22251.554850100794,-41.49641065136874,219.0,381.0,3118641.800504612,916535.8655696656,1722410.5316249267,989611.3482653864,10950.0,19050.0,4852002.332129538,1925197.2138350522,2926805.118294486,-60.321593394822514,sku_calibration_residual_moving_block_bootstrap,sku_daily_final_forecast_vector,paired_scenario_level_multiplier_rounded_up,old_static_rop_new_dynamic_next_day_forecast_rop,common_demand_path_initial_inventory_and_lead_time_shock,forward_stress_sensitivity_not_prediction_interval_or_causal_savings
policy_stress_00015,42,0.01,2025-10-01,2025-12-31,92,109,2025-05-31,2025-09-30,2025-10-01,2025-12-31,7,1.0,50.0,0.25,1.0,6.5504587155963305,-0.9933645197618324,5.728163233722167,148,117800.16919716759,0.9723983598928715,0.9905564491147499,1.8158089221878448,0.8512658227848101,0.8964757709251101,38085.764309585116,22187.67273641136,-41.74287128372701,219.0,385.0,3128665.3665833077,906792.1347146668,1728438.17198708,986062.6133420556,10950.0,19250.0,4868053.538570388,1912104.7480567219,2955948.7905136663,-60.72136978554566,sku_calibration_residual_moving_block_bootstrap,sku_daily_final_forecast_vector,paired_scenario_level_multiplier_rounded_up,old_static_rop_new_dynamic_next_day_forecast_rop,common_demand_path_initial_inventory_and_lead_time_shock,forward_stress_sensitivity_not_prediction_interval_or_causal_savings
policy_stress_00016,42,0.01,2025-10-01,2025-12-31,92,109,2025-05-31,2025-09-30,2025-10-01,2025-12-31,7,1.0,50.0,0.25,1.0,6.5504587155963305,-1.0025337938966283,5.6144222929612715,125,117617.00045808622,0.9748802303151719,0.9919551231647481,1.7074892849576195,0.8517350157728707,0.9106753812636166,37908.695355590906,22253.480384093888,-41.29716104616122,223.0,390.0,2853259.847634612,804758.8098701068,1712272.3114974508,987839.0107333206,11150.0,19500.0,4576682.159132062,1812097.8206034275,2764584.338528635,-60.40586264030448,sku_calibration_residual_moving_block_bootstrap,sku_daily_final_forecast_vector,paired_scenario_level_multiplier_rounded_up,old_static_rop_new_dynamic_next_day_forecast_rop,common_demand_path_initial_inventory_and_lead_time_shock,forward_stress_sensitivity_not_prediction_interval_or_causal_savings
policy_stress_00017,42,0.01,2025-10-01,2025-12-31,92,109,2025-05-31,2025-09-30,2025-10-01,2025-12-31,7,0.8,50.0,0.25,1.0,5.522935779816514,-1.0271488686833352,5.5083703627583995,134,117370.54587369759,0.9831356360371483,0.9919080602987497,0.8772424261601408,0.8924050632911392,0.8951965065502183,39278.54747320451,22220.550556191472,-43.42827832075476,220.0,373.0,1884186.8020121385,751535.2128265781,1781358.8094422522,985700.0755786761,11000.0,18650.0,3676545.611454391,1755885.2884052545,1920660.3230491364,-52.240894742751465,sku_calibration_residual_moving_block_bootstrap,sku_daily_final_forecast_vector,paired_scenario_level_multiplier_rounded_up,old_static_rop_new_dynamic_next_day_forecast_rop,common_demand_path_initial_inventory_and_lead_time_shock,forward_stress_sensitivity_not_prediction_interval_or_causal_savings
policy_stress_00018,42,0.01,2025-10-01,2025-12-31,92,109,2025-05-31,2025-09-30,2025-10-01,2025-12-31,7,1.2,50.0,0.25,1.0,8.082568807339449,-0.9797286393259542,5.586638464462889,146,117858.93712664644,0.9561484576730408,0.9878100411566769,3.1661583483636124,0.8090614886731392,0.8854625550660793,36496.88497658078,22183.54236557026,-39.21798427508284,219.0,393.0,4649706.923321246,1276314.2167589124,1647545.5899660287,981704.5797740385,10950.0,19650.0,6308202.513287275,2277668.7965329504,4030533.7167543247,-63.893537156814716,sku_calibration_residual_moving_block_bootstrap,sku_daily_final_forecast_vector,paired_scenario_level_multiplier_rounded_up,old_static_rop_new_dynamic_next_day_forecast_rop,common_demand_path_initial_inventory_and_lead_time_shock,forward_stress_sensitivity_not_prediction_interval_or_causal_savings
policy_stress_00019,42,0.01,2025-10-01,2025-12-31,92,109,2025-05-31,2025-09-30,2025-10-01,2025-12-31,7,1.2,50.0,0.25,1.0,8.082568807339449,-1.0839703770787832,5.617553263392339,141,116806.9665953301,0.9579039474731532,0.9889603198290327,3.1056372355879436,0.8045602605863192,0.9048672566371682,36516.17427652922,22509.423260338637,-38.35766285405595,217.0,390.0,4348512.413935641,1150572.1743468256,1652208.1209952398,998844.1714437496,10850.0,19500.0,6011570.53493088,2168916.3457905753,3842654.189140305,-63.9209698499277,sku_calibration_residual_moving_block_bootstrap,sku_daily_final_forecast_vector,paired_scenario_level_multiplier_rounded_up,old_static_rop_new_dynamic_next_day_forecast_rop,common_demand_path_initial_inventory_and_lead_time_shock,forward_stress_sensitivity_not_prediction_interval_or_causal_savings
policy_stress_00020,42,0.01,2025-10-01,2025-12-31,92,109,2025-05-31,2025-09-30,2025-10-01,2025-12-31,7,1.2,50.0,0.25,1.0,8.082568807339449,-0.9506899549388161,5.529057581783096,121,118114.66693241811,0.9571494269501369,0.9870270307271337,2.9877603776996775,0.805111821086262,0.8964757709251101,36374.30585431211,22309.854710472693,-38.66589564669892,222.0,395.0,4641823.505929297,1400852.9692263668,1637124.5551331225,989059.5234522825,11100.0,19750.0,6290048.061062417,2409662.4926786497,3880385.5683837673,-61.690873117563314,sku_calibration_residual_moving_block_bootstrap,sku_daily_final_forecast_vector,paired_scenario_level_multiplier_rounded_up,old_static_rop_new_dynamic_next_day_forecast_rop,common_demand_path_initial_inventory_and_lead_time_shock,forward_stress_sensitivity_not_prediction_interval_or_causal_savings
policy_stress_00021,42,0.01,2025-10-01,2025-12-31,92,109,2025-05-31,2025-09-30,2025-10-01,2025-12-31,7,1.2,50.0,0.25,1.0,8.082568807339449,-1.0368237642000204,5.559773140523878,121,117261.36297929638,0.9591449967260577,0.9880135833353686,2.886858660931091,0.8026315789473685,0.9048672566371682,36226.59650428767,22380.520095635937,-38.220748689468955,216.0,392.0,4353762.200586376,1328146.7409820384,1639771.8595170714,992253.9278499336,10800.0,19600.0,6004334.060103449,2340000.6688319724,3664333.3912714766,-61.028139916791105,sku_calibration_residual_moving_block_bootstrap,sku_daily_final_forecast_vector,paired_scenario_level_multiplier_rounded_up,old_static_rop_new_dynamic_next_day_forecast_rop,common_demand_path_initial_inventory_and_lead_time_shock,forward_stress_sensitivity_not_prediction_interval_or_causal_savings
policy_stress_00022,42,0.01,2025-10-01,2025-12-31,92,109,2025-05-31,2025-09-30,2025-10-01,2025-12-31,7,1.2,50.0,0.25,1.0,8.082568807339449,-1.065314595118065,5.5744619863816425,156,117001.6437099496,0.9586075947015047,0.9892186877685325,3.0611093067027806,0.8115015974440895,0.9161147902869757,36413.33712200338,22566.263109061074,-38.027478686030605,217.0,394.0,4589106.550905065,1208735.3503440379,1642992.9790733294,997399.3729248388,10850.0,19700.0,6242949.529978394,2225834.723268877,4017114.806709517,-64.34642451327682,sku_calibration_residual_moving_block_bootstrap,sku_daily_final_forecast_vector,paired_scenario_level_multiplier_rounded_up,old_static_rop_new_dynamic_next_day_forecast_rop,common_demand_path_initial_inventory_and_lead_time_shock,forward_stress_sensitivity_not_prediction_interval_or_causal_savings
policy_stress_00023,42,0.01,2025-10-01,2025-12-31,92,109,2025-05-31,2025-09-30,2025-10-01,2025-12-31,7,1.2,50.0,0.25,1.0,8.082568807339449,-1.0830771726138009,5.622971680413616,158,116884.99435812839,0.9588343884373536,0.9877848035980227,2.8950415160669096,0.8025889967637541,0.8975501113585747,36643.391488896246,22635.136974684418,-38.2285971495205,218.0,394.0,4298736.581152766,1256231.7586672662,1650667.7747076172,1000317.0436082638,10900.0,19700.0,5960304.355860383,2276248.80227553,3684055.553584853,-61.80985623599169,sku_calibration_residual_moving_block_bootstrap,sku_daily_final_forecast_vector,paired_scenario_level_multiplier_rounded_up,old_static_rop_new_dynamic_next_day_forecast_rop,common_demand_path_initial_inventory_and_lead_time_shock,forward_stress_sensitivity_not_prediction_interval_or_causal_savings
policy_stress_00024,42,0.01,2025-10-01,2025-12-31,92,109,2025-05-31,2025-09-30,2025-10-01,2025-12-31,7,1.0,50.0,0.25,1.0,6.5504587155963305,-0.9923659700022338,5.586525268613621,132,117711.1297472761,0.9748670496590613,0.9919683963237235,1.710134666466212,0.8544303797468354,0.9096916299559471,37998.257536527235,22317.313726232205,-41.267533899998284,221.0,384.0,2878058.4807469943,851114.8115896186,1714538.0383882558,987364.4089849589,11050.0,19200.0,4603646.519135249,1857679.2205745773,2745967.2985606715,-59.647657289649494,sku_calibration_residual_moving_block_bootstrap,sku_daily_final_forecast_vector,paired_scenario_level_multiplier_rounded_up,old_static_rop_new_dynamic_next_day_forecast_rop,common_demand_path_initial_inventory_and_lead_time_shock,forward_stress_sensitivity_not_prediction_interval_or_causal_savings
policy_stress_00025,42,0.01,2025-10-01,2025-12-31,92,109,2025-05-31,2025-09-30,2025-10-01,2025-12-31,7,1.0,50.0,0.25,1.0,6.5504587155963305,-0.9301815906728134,5.624017115392177,133,118323.62191792943,0.974461919966927,0.9908309919912409,1.6369072024313924,0.8517350157728707,0.9057017543859649,38024.43751686965,22349.26089264975,-41.22395398292365,225.0,387.0,2903779.0194991175,1043109.8283105512,1718002.2905729318,993231.154331657,11250.0,19350.0,4633031.3100720495,2055690.9826422085,2577340.3274298413,-55.6296764458896,sku_calibration_residual_moving_block_bootstrap,sku_daily_final_forecast_vector,paired_scenario_level_multiplier_rounded_up,old_static_rop_new_dynamic_next_day_forecast_rop,common_demand_path_initial_inventory_and_lead_time_shock,forward_stress_sensitivity_not_prediction_interval_or_causal_savings
policy_stress_00026,42,0.01,2025-10-01,2025-12-31,92,109,2025-05-31,2025-09-30,2025-10-01,2025-12-31,7,0.8,50.0,0.25,1.0,5.522935779816514,-1.0124432019596263,5.59954313323753,151,117558.17874464366,0.9835664335420659,0.9928793895554192,0.9312956013353357,0.8840125391849529,0.9186813186813186,38989.19578080813,22211.76530927866,-43.030973415942874,226.0,379.0,1935454.2618721274,743082.6084267236,1768156.0318761137,983518.8569569382,11300.0,18950.0,3714910.293748241,1745551.4653836617,1969358.8283645792,-53.01228489093746,sku_calibration_residual_moving_block_bootstrap,sku_daily_final_forecast_vector,paired_scenario_level_multiplier_rounded_up,old_static_rop_new_dynamic_next_day_forecast_rop,common_demand_path_initial_inventory_and_lead_time_shock,forward_stress_sensitivity_not_prediction_interval_or_causal_savings
policy_stress_00027,42,0.01,2025-10-01,2025-12-31,92,109,2025-05-31,2025-09-30,2025-10-01,2025-12-31,7,1.2,50.0,0.25,1.0,8.082568807339449,-0.9654230604026881,5.585291411273946,145,118069.02356889073,0.9560673595017053,0.9874583186614684,3.1390959159763088,0.805111821086262,0.8940397350993378,36511.574072509575,22399.445427595132,-38.65110996553774,218.0,392.0,4849075.093458493,1329062.7284249247,1646593.1660005602,990325.9875217269,10900.0,19600.0,6506568.259459053,2338988.715946652,4167579.543512401,-64.05188383989824,sku_calibration_residual_moving_block_bootstrap,sku_daily_final_forecast_vector,paired_scenario_level_multiplier_rounded_up,old_static_rop_new_dynamic_next_day_forecast_rop,common_demand_path_initial_inventory_and_lead_time_shock,forward_stress_sensitivity_not_prediction_interval_or_causal_savings
policy_stress_00028,42,0.01,2025-10-01,2025-12-31,92,109,2025-05-31,2025-09-30,2025-10-01,2025-12-31,7,1.2,50.0,0.25,1.0,8.082568807339449,-1.0325736949036697,5.63574094688253,122,117312.26285709573,0.9552562817994643,0.9869718834911022,3.1715601691637896,0.8155339805825242,0.893569844789357,36362.76934909206,22462.394913974716,-38.226941137706326,224.0,392.0,4752269.164307192,1367616.715948277,1639762.869058765,993128.5538521906,11200.0,19600.0,6403232.033365957,2380345.2698004674,4022886.76356549,-62.82587828463866,sku_calibration_residual_moving_block_bootstrap,sku_daily_final_forecast_vector,paired_scenario_level_multiplier_rounded_up,old_static_rop_new_dynamic_next_day_forecast_rop,common_demand_path_initial_inventory_and_lead_time_shock,forward_stress_sensitivity_not_prediction_interval_or_causal_savings
policy_stress_00029,42,0.01,2025-10-01,2025-12-31,92,109,2025-05-31,2025-09-30,2025-10-01,2025-12-31,7,1.0,50.0,0.25,1.0,6.5504587155963305,-0.9633273901598655,5.6394169374330465,141,118029.3218916482,0.9745119068741174,0.9904034737223459,1.5891566848228567,0.8507936507936508,0.8961038961038961,38047.30010335721,22320.07465029711,-41.335982869576505,221.0,390.0,2860006.0643635616,961341.071561972,1721514.3382993895,991740.7859008173,11050.0,19500.0,4592570.402662951,1972581.8574627896,2619988.5452001607,-57.04841331732203,sku_calibration_residual_moving_block_bootstrap,sku_daily_final_forecast_vector,paired_scenario_level_multiplier_rounded_up,old_static_rop_new_dynamic_next_day_forecast_rop,common_demand_path_initial_inventory_and_lead_time_shock,forward_stress_sensitivity_not_prediction_interval_or_causal_savings
policy_stress_00030,42,0.01,2025-10-01,2025-12-31,92,109,2025-05-31,2025-09-30,2025-10-01,2025-12-31,7,0.8,50.0,0.25,1.0,5.522935779816514,-1.014535302433167,5.648406682220672,140,117588.86582215052,0.9834081437330567,0.9918875995343074,0.8479455801250646,0.89375,0.8896247240618101,38834.55918325779,22244.391567476767,-42.72011312782794,226.0,378.0,1959114.2140427085,827168.9788556158,1763669.4921874183,985405.806997845,11300.0,18900.0,3734083.7062301263,1831474.785853461,1902608.9203766654,-50.95249785649584,sku_calibration_residual_moving_block_bootstrap,sku_daily_final_forecast_vector,paired_scenario_level_multiplier_rounded_up,old_static_rop_new_dynamic_next_day_forecast_rop,common_demand_path_initial_inventory_and_lead_time_shock,forward_stress_sensitivity_not_prediction_interval_or_causal_savings
policy_stress_00031,42,0.01,2025-10-01,2025-12-31,92,109,2025-05-31,2025-09-30,2025-10-01,2025-12-31,7,1.5,50.0,0.25,1.0,10.174311926605505,-0.9660861791645768,5.610237899889757,145,118001.17048647166,0.9326161356571983,0.9826724969973709,5.005636134017266,0.7315436241610739,0.8719646799116998,34775.48557797915,22534.509847621564,-35.2000138226939,217.0,405.0,6632874.495974911,1849344.7442629186,1563514.6190089711,992935.2856482827,10850.0,20250.0,8207239.114983884,2862530.029911202,5344709.085072681,-65.12188825246841,sku_calibration_residual_moving_block_bootstrap,sku_daily_final_forecast_vector,paired_scenario_level_multiplier_rounded_up,old_static_rop_new_dynamic_next_day_forecast_rop,common_demand_path_initial_inventory_and_lead_time_shock,forward_stress_sensitivity_not_prediction_interval_or_causal_savings
policy_stress_00032,42,0.01,2025-10-01,2025-12-31,92,109,2025-05-31,2025-09-30,2025-10-01,2025-12-31,7,1.2,50.0,0.25,1.0,8.082568807339449,-1.0177558006559781,5.653579385863456,159,117530.24344341099,0.9549430373860858,0.9867143188705437,3.177128148445796,0.801948051948052,0.8984547461368654,36522.578836944,22601.163865310027,-38.117283650167444,219.0,391.0,4834732.616150573,1378897.426042488,1650614.4520586773,998917.321142668,10950.0,19550.0,6496297.068209251,2397364.7471851557,4098932.3210240956,-63.096442142138585,sku_calibration_residual_moving_block_bootstrap,sku_daily_final_forecast_vector,paired_scenario_level_multiplier_rounded_up,old_static_rop_new_dynamic_next_day_forecast_rop,common_demand_path_initial_inventory_and_lead_time_shock,forward_stress_sensitivity_not_prediction_interval_or_causal_savings
policy_stress_00033,42,0.01,2025-10-01,2025-12-31,92,109,2025-05-31,2025-09-30,2025-10-01,2025-12-31,7,1.2,50.0,0.25,1.0,8.082568807339449,-0.9854021949163263,5.622006500247733,159,117826.99951965368,0.958403931068216,0.9887453069078831,3.0341375839667117,0.8013029315960912,0.9068736141906873,36457.41228649343,22250.430575352097,-38.968705731220176,222.0,392.0,4529710.013412976,1244925.269283784,1644330.9545893583,986046.1940662928,11100.0,19600.0,6185140.968002335,2250571.4633500767,3934569.5046522585,-63.61325513851688,sku_calibration_residual_moving_block_bootstrap,sku_daily_final_forecast_vector,paired_scenario_level_multiplier_rounded_up,old_static_rop_new_dynamic_next_day_forecast_rop,common_demand_path_initial_inventory_and_lead_time_shock,forward_stress_sensitivity_not_prediction_interval_or_causal_savings
policy_stress_00034,42,0.01,2025-10-01,2025-12-31,92,109,2025-05-31,2025-09-30,2025-10-01,2025-12-31,7,1.0,50.0,0.25,1.0,6.5504587155963305,-0.9964529150685518,5.686467260164616,162,117721.28248290018,0.9720721925975028,0.9888262030873697,1.675401048986691,0.85,0.8973799126637555,38027.81775638807,22316.196367732955,-41.316126760957275,220.0,383.0,3065089.573447966,1099735.305786923,1724559.156071477,993404.114565895,11000.0,19150.0,4800648.729519444,2112289.4203528184,2688359.309166625,-55.999917107780895,sku_calibration_residual_moving_block_bootstrap,sku_daily_final_forecast_vector,paired_scenario_level_multiplier_rounded_up,old_static_rop_new_dynamic_next_day_forecast_rop,common_demand_path_initial_inventory_and_lead_time_shock,forward_stress_sensitivity_not_prediction_interval_or_causal_savings
policy_stress_00035,42,0.01,2025-10-01,2025-12-31,92,109,2025-05-31,2025-09-30,2025-10-01,2025-12-31,7,1.5,50.0,0.25,1.0,10.174311926605505,-1.0577144094644289,5.615555007646061,131,117038.10863353977,0.9384433851524113,0.9846805102211157,4.623712506870437,0.7491525423728813,0.9026548672566371,34804.742718362235,22574.131977902787,-35.14064401920386,210.0,401.0,6020831.448362998,1606268.5909335355,1562851.514956521,998246.6307307007,10500.0,20050.0,7594182.963319518,2624565.221664236,4969617.741655282,-65.43979471733712,sku_calibration_residual_moving_block_bootstrap,sku_daily_final_forecast_vector,paired_scenario_level_multiplier_rounded_up,old_static_rop_new_dynamic_next_day_forecast_rop,common_demand_path_initial_inventory_and_lead_time_shock,forward_stress_sensitivity_not_prediction_interval_or_causal_savings
policy_stress_00036,42,0.01,2025-10-01,2025-12-31,92,109,2025-05-31,2025-09-30,2025-10-01,2025-12-31,7,1.0,50.0,0.25,1.0,6.5504587155963305,-0.9469691132268492,5.634501004827352,121,118189.90851047383,0.9726232270178401,0.9910820190514698,1.8458792033629656,0.8571428571428571,0.9148471615720524,37945.18037863503,22223.634501186192,-41.432260225335035,223.0,382.0,3198135.6651320667,882151.6169922652,1714446.8740586962,986875.6067888692,11150.0,19100.0,4923732.539190764,1888127.2237811347,3035605.3154096287,-61.652522578095684,sku_calibration_residual_moving_block_bootstrap,sku_daily_final_forecast_vector,paired_scenario_level_multiplier_rounded_up,old_static_rop_new_dynamic_next_day_forecast_rop,common_demand_path_initial_inventory_and_lead_time_shock,forward_stress_sensitivity_not_prediction_interval_or_causal_savings
policy_stress_00037,42,0.01,2025-10-01,2025-12-31,92,109,2025-05-31,2025-09-30,2025-10-01,2025-12-31,7,1.0,50.0,0.25,1.0,6.5504587155963305,-0.993164088868933,5.633748087266891,150,117847.8723993318,0.9730703818095201,0.9902222339955743,1.7151852186054195,0.8454258675078864,0.9116997792494481,37969.181602927405,22359.640787790722,-41.11108050307093,219.0,381.0,2996967.629696439,982562.1354992829,1718822.9286751268,992356.8484255179,10950.0,19050.0,4726740.558371565,1993968.9839248005,2732771.574446765,-57.8151379518119,sku_calibration_residual_moving_block_bootstrap,sku_daily_final_forecast_vector,paired_scenario_level_multiplier_rounded_up,old_static_rop_new_dynamic_next_day_forecast_rop,common_demand_path_initial_inventory_and_lead_time_shock,forward_stress_sensitivity_not_prediction_interval_or_causal_savings
policy_stress_00038,42,0.01,2025-10-01,2025-12-31,92,109,2025-05-31,2025-09-30,2025-10-01,2025-12-31,7,1.0,50.0,0.25,1.0,6.5504587155963305,-1.0160970411870034,5.70795256253804,142,117524.24649616594,0.9759605065557296,0.9914611648544787,1.5500658298749026,0.8539682539682539,0.9223946784922394,38083.41001024434,22224.072034707217,-41.64369202041257,218.0,383.0,2725834.87126794,876617.836436921,1725767.3818355654,983615.9359216917,10900.0,19150.0,4462502.253103507,1879383.7723586129,2583118.4807448937,-57.8849787459139,sku_calibration_residual_moving_block_bootstrap,sku_daily_final_forecast_vector,paired_scenario_level_multiplier_rounded_up,old_static_rop_new_dynamic_next_day_forecast_rop,common_demand_path_initial_inventory_and_lead_time_shock,forward_stress_sensitivity_not_prediction_interval_or_causal_savings
policy_stress_00039,42,0.01,2025-10-01,2025-12-31,92,109,2025-05-31,2025-09-30,2025-10-01,2025-12-31,7,1.2,50.0,0.25,1.0,8.082568807339449,-0.9707037189282274,5.692379535646216,151,118020.82936290013,0.957171269934687,0.986589267046919,2.941799711223192,0.7980456026058632,0.8947368421052632,36375.03341506853,22395.91712695553,-38.43052493890517,219.0,397.0,4679784.315739335,1464505.4941406017,1642443.0201819947,989945.9657818208,10950.0,19850.0,6333177.335921331,2474301.459922422,3858875.875998909,-60.93111989951141,sku_calibration_residual_moving_block_bootstrap,sku_daily_final_forecast_vector,paired_scenario_level_multiplier_rounded_up,old_static_rop_new_dynamic_next_day_forecast_rop,common_demand_path_initial_inventory_and_lead_time_shock,forward_stress_sensitivity_not_prediction_interval_or_causal_savings
policy_stress_00040,42,0.01,2025-10-01,2025-12-31,92,109,2025-05-31,2025-09-30,2025-10-01,2025-12-31,7,1.2,50.0,0.25,1.0,8.082568807339449,-1.1402289662302483,5.638765811243255,136,116246.31591129504,0.9571828614087822,0.9885288711357059,3.1346009726923696,0.797427652733119,0.9090909090909091,36663.46894928646,22418.085768910634,-38.854433550955825,214.0,390.0,4471611.337055924,1144347.8716956875,1649284.8561927609,994470.8480027716,10700.0,19500.0,6131596.193248685,2158318.719698459,3973277.4735502265,-64.80005121545808,sku_calibration_residual_moving_block_bootstrap,sku_daily_final_forecast_vector,paired_scenario_level_multiplier_rounded_up,old_static_rop_new_dynamic_next_day_forecast_rop,common_demand_path_initial_inventory_and_lead_time_shock,forward_stress_sensitivity_not_prediction_interval_or_causal_savings
policy_stress_00041,42,0.01,2025-10-01,2025-12-31,92,109,2025-05-31,2025-09-30,2025-10-01,2025-12-31,7,1.0,50.0,0.25,1.0,6.5504587155963305,-0.9558087535762662,5.570484706925703,122,118097.20599630295,0.972952124057321,0.9901361832897155,1.7184059232394522,0.8422712933753943,0.8956521739130435,37746.11048519439,22205.88750153393,-41.1703955292453,226.0,385.0,3080719.0234905165,976209.6795753047,1710891.5584111053,988624.6397178334,11300.0,19250.0,4802910.581901623,1984084.319293138,2818826.262608485,-58.6899592349359,sku_calibration_residual_moving_block_bootstrap,sku_daily_final_forecast_vector,paired_scenario_level_multiplier_rounded_up,old_static_rop_new_dynamic_next_day_forecast_rop,common_demand_path_initial_inventory_and_lead_time_shock,forward_stress_sensitivity_not_prediction_interval_or_causal_savings
policy_stress_00042,42,0.01,2025-10-01,2025-12-31,92,109,2025-05-31,2025-09-30,2025-10-01,2025-12-31,7,1.0,50.0,0.25,1.0,6.5504587155963305,-0.9986766468596239,5.619136031431482,140,117666.62514764907,0.9735823535573638,0.9909905726814007,1.7408219124036894,0.8498402555910544,0.9210526315789473,38008.33577303661,22099.20219145952,-41.856959159109365,223.0,388.0,2884629.6551166032,898531.1089207431,1717861.6971260824,983950.7383891015,11150.0,19400.0,4613641.352242686,1901881.8473098443,2711759.5049328413,-58.77698975484209,sku_calibration_residual_moving_block_bootstrap,sku_daily_final_forecast_vector,paired_scenario_level_multiplier_rounded_up,old_static_rop_new_dynamic_next_day_forecast_rop,common_demand_path_initial_inventory_and_lead_time_shock,forward_stress_sensitivity_not_prediction_interval_or_causal_savings
policy_stress_00043,42,0.01,2025-10-01,2025-12-31,92,109,2025-05-31,2025-09-30,2025-10-01,2025-12-31,7,1.2,50.0,0.25,1.0,8.082568807339449,-1.0200892387628897,5.627026994288149,153,117539.1838671487,0.9581782279348784,0.9877832114877448,2.960498355286645,0.8044871794871795,0.8813186813186813,36441.47278725086,22555.876544631108,-38.103828359751866,219.0,392.0,4511071.481703011,1273871.8284292954,1646965.7979400435,1001094.521125938,10950.0,19600.0,6168987.279643054,2294566.3495552326,3874420.9300878216,-62.804813082902,sku_calibration_residual_moving_block_bootstrap,sku_daily_final_forecast_vector,paired_scenario_level_multiplier_rounded_up,old_static_rop_new_dynamic_next_day_forecast_rop,common_demand_path_initial_inventory_and_lead_time_shock,forward_stress_sensitivity_not_prediction_interval_or_causal_savings
policy_stress_00044,42,0.01,2025-10-01,2025-12-31,92,109,2025-05-31,2025-09-30,2025-10-01,2025-12-31,7,1.2,50.0,0.25,1.0,8.082568807339449,-1.0521472979758673,5.54071708283023,145,117128.5139992764,0.9573454540668218,0.9878302373896313,3.048478332280946,0.7947882736156352,0.8903508771929824,36351.04828206857,22465.596591928355,-38.19821530976234,215.0,391.0,4407409.071181414,1255330.2440780639,1636564.2099415434,996578.0821471253,10750.0,19550.0,6054723.281122958,2271458.3262251895,3783264.954897769,-62.48452289624859,sku_calibration_residual_moving_block_bootstrap,sku_daily_final_forecast_vector,paired_scenario_level_multiplier_rounded_up,old_static_rop_new_dynamic_next_day_forecast_rop,common_demand_path_initial_inventory_and_lead_time_shock,forward_stress_sensitivity_not_prediction_interval_or_causal_savings
policy_stress_00045,42,0.01,2025-10-01,2025-12-31,92,109,2025-05-31,2025-09-30,2025-10-01,2025-12-31,7,1.0,50.0,0.25,1.0,6.5504587155963305,-1.0363023119924764,5.631971935042209,129,117289.22720403405,0.9728594732382865,0.9916729530314425,1.8813479793156063,0.8553054662379421,0.8893805309734514,37900.52821018,22234.519500956798,-41.33453925060429,221.0,380.0,3045297.4101162273,830765.5906620087,1714130.6590140793,986432.9900258617,11050.0,19000.0,4770478.069130306,1836198.5806878705,2934279.488442436,-61.509128559464834,sku_calibration_residual_moving_block_bootstrap,sku_daily_final_forecast_vector,paired_scenario_level_multiplier_rounded_up,old_static_rop_new_dynamic_next_day_forecast_rop,common_demand_path_initial_inventory_and_lead_time_shock,forward_stress_sensitivity_not_prediction_interval_or_causal_savings
policy_stress_00046,42,0.01,2025-10-01,2025-12-31,92,109,2025-05-31,2025-09-30,2025-10-01,2025-12-31,7,0.8,50.0,0.25,1.0,5.522935779816514,-1.1138638780735843,5.627218533562973,143,116554.46365138933,0.9863580323230179,0.9925686717505136,0.6210639427495668,0.8927444794952681,0.9261744966442953,38912.293371850865,22162.24249876134,-43.04565324131345,219.0,375.0,1476222.7821055925,736632.7946218741,1760252.296718368,984824.501358718,10950.0,18750.0,3247425.07882396,1740207.2959805923,1507217.7828433677,-46.41270379636286,sku_calibration_residual_moving_block_bootstrap,sku_daily_final_forecast_vector,paired_scenario_level_multiplier_rounded_up,old_static_rop_new_dynamic_next_day_forecast_rop,common_demand_path_initial_inventory_and_lead_time_shock,forward_stress_sensitivity_not_prediction_interval_or_causal_savings
policy_stress_00047,42,0.01,2025-10-01,2025-12-31,92,109,2025-05-31,2025-09-30,2025-10-01,2025-12-31,7,1.0,50.0,0.25,1.0,6.5504587155963305,-0.9132798054890454,5.622398195563087,128,118531.83017624458,0.9745803251083673,0.9898597099528001,1.5279384844432808,0.8422712933753943,0.8813186813186813,38068.56730068461,22064.033745480316,-42.04133407173555,223.0,385.0,2966024.0588166867,1043872.0952840724,1721135.626715991,980515.713278536,11150.0,19250.0,4698309.685532677,2043637.8085626084,2654671.8769700686,-56.50270107022738,sku_calibration_residual_moving_block_bootstrap,sku_daily_final_forecast_vector,paired_scenario_level_multiplier_rounded_up,old_static_rop_new_dynamic_next_day_forecast_rop,common_demand_path_initial_inventory_and_lead_time_shock,forward_stress_sensitivity_not_prediction_interval_or_causal_savings
policy_stress_00048,42,0.01,2025-10-01,2025-12-31,92,109,2025-05-31,2025-09-30,2025-10-01,2025-12-31,7,1.5,50.0,0.25,1.0,10.174311926605505,-0.8491220659314168,5.622614245538966,132,119146.46738216912,0.9348574636690584,0.9821972335443435,4.73397698752851,0.7649006622516556,0.87117903930131,34609.45065508872,22396.14198194381,-35.28894114749307,221.0,408.0,6734335.904748936,1902020.82640424,1556611.2629948251,989180.1111916458,11050.0,20400.0,8301997.167743761,2911600.937595886,5390396.230147875,-64.92890952904078,sku_calibration_residual_moving_block_bootstrap,sku_daily_final_forecast_vector,paired_scenario_level_multiplier_rounded_up,old_static_rop_new_dynamic_next_day_forecast_rop,common_demand_path_initial_inventory_and_lead_time_shock,forward_stress_sensitivity_not_prediction_interval_or_causal_savings
policy_stress_00049,42,0.01,2025-10-01,2025-12-31,92,109,2025-05-31,2025-09-30,2025-10-01,2025-12-31,7,1.0,50.0,0.25,1.0,6.5504587155963305,-0.9699249527454725,5.624855073491527,154,117938.36456632412,0.974703871410869,0.9909716808479359,1.626780943706685,0.8485804416403786,0.9126637554585153,38165.70566242051,22378.76577561778,-41.3642027909553,222.0,387.0,2951792.4206655277,996478.7617767527,1725264.0910773634,993930.4866571504,11100.0,19350.0,4688156.51174289,2009759.248433903,2678397.263308987,-57.131140067532726,sku_calibration_residual_moving_block_bootstrap,sku_daily_final_forecast_vector,paired_scenario_level_multiplier_rounded_up,old_static_rop_new_dynamic_next_day_forecast_rop,common_demand_path_initial_inventory_and_lead_time_shock,forward_stress_sensitivity_not_prediction_interval_or_causal_savings
policy_stress_00050,42,0.01,2025-10-01,2025-12-31,92,109,2025-05-31,2025-09-30,2025-10-01,2025-12-31,7,1.0,50.0,0.25,1.0,6.5504587155963305,-0.9301693923301749,5.60731203490831,127,118367.03449667117,0.9742188713962641,0.9905036676098854,1.6284796213621333,0.8359621451104101,0.8908296943231441,38014.24531158743,22142.960333870586,-41.750887983245036,223.0,386.0,2883219.9124931917,1008268.2756619185,1718555.2131348574,980077.5366190575,11150.0,19300.0,4612925.1256280495,2007645.8122809762,2605279.3133470733,-56.47781488741084,sku_calibration_residual_moving_block_bootstrap,sku_daily_final_forecast_vector,paired_scenario_level_multiplier_rounded_up,old_static_rop_new_dynamic_next_day_forecast_rop,common_demand_path_initial_inventory_and_lead_time_shock,forward_stress_sensitivity_not_prediction_interval_or_causal_savings
policy_stress_00051,42,0.01,2025-10-01,2025-12-31,92,109,2025-05-31,2025-09-30,2025-10-01,2025-12-31,7,1.2,50.0,0.25,1.0,8.082568807339449,-0.9701028608534508,5.576727890609366,145,117972.87790723787,0.9555772722123989,0.9873653574238248,3.1788085211425954,0.7901639344262295,0.8945054945054945,36389.36100900107,22394.143020942443,-38.45964204921556,216.0,392.0,4801236.216638727,1363259.697607356,1645749.3805127065,988878.2981030184,10800.0,19600.0,6457785.597151432,2371737.9957103743,4086047.601441058,-63.27320007718185,sku_calibration_residual_moving_block_bootstrap,sku_daily_final_forecast_vector,paired_scenario_level_multiplier_rounded_up,old_static_rop_new_dynamic_next_day_forecast_rop,common_demand_path_initial_inventory_and_lead_time_shock,forward_stress_sensitivity_not_prediction_interval_or_causal_savings
policy_stress_00052,42,0.01,2025-10-01,2025-12-31,92,109,2025-05-31,2025-09-30,2025-10-01,2025-12-31,7,1.0,50.0,0.25,1.0,6.5504587155963305,-0.9929414007902937,5.580918703970728,157,117760.75729954217,0.9733489816640717,0.9906313485076859,1.7282366843614172,0.853035143769968,0.9142857142857143,38036.32982781926,22397.71679761395,-41.1149369589477,224.0,381.0,2997322.3051518085,1026999.3033617019,1719849.4070111548,994210.230334389,11200.0,19050.0,4728371.712162964,2040259.5336960906,2688112.1784668732,-56.85069495598546,sku_calibration_residual_moving_block_bootstrap,sku_daily_final_forecast_vector,paired_scenario_level_multiplier_rounded_up,old_static_rop_new_dynamic_next_day_forecast_rop,common_demand_path_initial_inventory_and_lead_time_shock,forward_stress_sensitivity_not_prediction_interval_or_causal_savings
policy_stress_00053,42,0.01,2025-10-01,2025-12-31,92,109,2025-05-31,2025-09-30,2025-10-01,2025-12-31,7,1.5,50.0,0.25,1.0,10.174311926605505,-1.073039489526536,5.607015741561208,140,116896.39120569917,0.9389357957659511,0.9830622442120617,4.412644844611058,0.7491749174917491,0.8761061946902655,34842.97708274741,22520.323375758264,-35.366248061193204,213.0,403.0,6009339.006463112,1813188.8785195742,1570313.458877389,996668.1235445209,10650.0,20150.0,7590302.465340502,2830007.0020640953,4760295.463276407,-62.71549104944475,sku_calibration_residual_moving_block_bootstrap,sku_daily_final_forecast_vector,paired_scenario_level_multiplier_rounded_up,old_static_rop_new_dynamic_next_day_forecast_rop,common_demand_path_initial_inventory_and_lead_time_shock,forward_stress_sensitivity_not_prediction_interval_or_causal_savings
policy_stress_00054,42,0.01,2025-10-01,2025-12-31,92,109,2025-05-31,2025-09-30,2025-10-01,2025-12-31,7,1.2,50.0,0.25,1.0,8.082568807339449,-0.8955837237831868,5.575590408654857,122,118660.4432258894,0.9577093690038598,0.9873037791883958,2.9594410184536013,0.8090614886731392,0.8802660753880266,36566.20211400168,22250.397667453384,-39.150372800314926,216.0,393.0,4532082.543169545,1335895.2436493514,1651710.9717783325,989036.0831347248,10800.0,19650.0,6194593.514947877,2344581.3267840757,3850012.1881638016,-62.15116744744464,sku_calibration_residual_moving_block_bootstrap,sku_daily_final_forecast_vector,paired_scenario_level_multiplier_rounded_up,old_static_rop_new_dynamic_next_day_forecast_rop,common_demand_path_initial_inventory_and_lead_time_shock,forward_stress_sensitivity_not_prediction_interval_or_causal_savings
policy_stress_00055,42,0.01,2025-10-01,2025-12-31,92,109,2025-05-31,2025-09-30,2025-10-01,2025-12-31,7,1.0,50.0,0.25,1.0,6.5504587155963305,-1.0477136880283042,5.5789756860595325,141,117155.3729221402,0.9766938885695527,0.9923228161546226,1.562892758506984,0.8520900321543409,0.925601750547046,38017.05922126991,22188.2610713119,-41.63604043603157,222.0,384.0,2554570.394431512,796715.5961550672,1716331.7647899329,981954.0770203419,11100.0,19200.0,4282002.159221444,1797869.6731754097,2484132.486046035,-58.013340341185184,sku_calibration_residual_moving_block_bootstrap,sku_daily_final_forecast_vector,paired_scenario_level_multiplier_rounded_up,old_static_rop_new_dynamic_next_day_forecast_rop,common_demand_path_initial_inventory_and_lead_time_shock,forward_stress_sensitivity_not_prediction_interval_or_causal_savings
policy_stress_00056,42,0.01,2025-10-01,2025-12-31,92,109,2025-05-31,2025-09-30,2025-10-01,2025-12-31,7,1.2,50.0,0.25,1.0,8.082568807339449,-0.9830590519161508,5.602031948763817,143,117783.41173666193,0.9568125226843567,0.9870860317245437,3.0273509040186997,0.8116883116883117,0.8973214285714286,36613.61687766038,22365.867024496798,-38.913800569800514,215.0,389.0,4513761.680253309,1366916.8214777992,1654635.2122991413,989135.1726431273,10750.0,19450.0,6179146.89255245,2375501.9941209266,3803644.8984315237,-61.55614949073227,sku_calibration_residual_moving_block_bootstrap,sku_daily_final_forecast_vector,paired_scenario_level_multiplier_rounded_up,old_static_rop_new_dynamic_next_day_forecast_rop,common_demand_path_initial_inventory_and_lead_time_shock,forward_stress_sensitivity_not_prediction_interval_or_causal_savings
policy_stress_00057,42,0.01,2025-10-01,2025-12-31,92,109,2025-05-31,2025-09-30,2025-10-01,2025-12-31,7,1.2,50.0,0.25,1.0,8.082568807339449,-1.029593666420578,5.646354194993615,160,117400.26367408212,0.9575158250180291,0.9878945302773051,3.0378705259275995,0.8013029315960912,0.8903508771929824,36521.80876485483,22586.672438171998,-38.1556576685564,215.0,392.0,4580243.317859098,1315285.781228842,1646714.1250158076,997860.3390065467,10750.0,19600.0,6237707.442874907,2332746.1202353886,3904961.322639518,-62.60250834783867,sku_calibration_residual_moving_block_bootstrap,sku_daily_final_forecast_vector,paired_scenario_level_multiplier_rounded_up,old_static_rop_new_dynamic_next_day_forecast_rop,common_demand_path_initial_inventory_and_lead_time_shock,forward_stress_sensitivity_not_prediction_interval_or_causal_savings
policy_stress_00058,42,0.01,2025-10-01,2025-12-31,92,109,2025-05-31,2025-09-30,2025-10-01,2025-12-31,7,1.2,50.0,0.25,1.0,8.082568807339449,-1.0450456524278904,5.547524476953492,138,117195.69116989573,0.9572453654724645,0.9876142990430458,3.0368933570581236,0.8181818181818182,0.9004424778761062,36413.531985276895,22470.638579068334,-38.29041745207825,217.0,391.0,4587334.138434766,1362136.2930536796,1648257.0426874799,996625.2044286155,10850.0,19550.0,6246441.181122246,2378311.497482295,3868129.683639951,-61.92533590694912,sku_calibration_residual_moving_block_bootstrap,sku_daily_final_forecast_vector,paired_scenario_level_multiplier_rounded_up,old_static_rop_new_dynamic_next_day_forecast_rop,common_demand_path_initial_inventory_and_lead_time_shock,forward_stress_sensitivity_not_prediction_interval_or_causal_savings
policy_stress_00059,42,0.01,2025-10-01,2025-12-31,92,109,2025-05-31,2025-09-30,2025-10-01,2025-12-31,7,1.0,50.0,0.25,1.0,6.5504587155963305,-0.9781071424734772,5.702935366366859,146,117943.20243710942,0.9720997574264065,0.9900980560872389,1.7998298660832357,0.8454258675078864,0.9054945054945055,38159.270776724916,22066.17782522806,-42.17348136881266,222.0,384.0,3198869.7989856517,1013460.0653403744,1726418.8550136187,977803.8155512988,11100.0,19200.0,4936388.65399927,2010463.8808916733,2925924.7731075967,-59.272577144774175,sku_calibration_residual_moving_block_bootstrap,sku_daily_final_forecast_vector,paired_scenario_level_multiplier_rounded_up,old_static_rop_new_dynamic_next_day_forecast_rop,common_demand_path_initial_inventory_and_lead_time_shock,forward_stress_sensitivity_not_prediction_interval_or_causal_savings
policy_stress_00060,42,0.01,2025-10-01,2025-12-31,92,109,2025-05-31,2025-09-30,2025-10-01,2025-12-31,7,1.0,50.0,0.25,1.0,6.5504587155963305,-1.0421340683006466,5.593247381670869,144,117277.25951357298,0.9742760380318745,0.9917564308003426,1.7480392768468134,0.8594249201277955,0.9274725274725275,37966.99205906746,22350.832033775507,-41.1308854833614,218.0,382.0,2995935.337412356,818700.557675225,1722649.863928403,986257.8628618987,10900.0,19100.0,4729485.201340757,1824058.4205371235,2905426.780803634,-61.43219942796263,sku_calibration_residual_moving_block_bootstrap,sku_daily_final_forecast_vector,paired_scenario_level_multiplier_rounded_up,old_static_rop_new_dynamic_next_day_forecast_rop,common_demand_path_initial_inventory_and_lead_time_shock,forward_stress_sensitivity_not_prediction_interval_or_causal_savings
policy_stress_00061,42,0.01,2025-10-01,2025-12-31,92,109,2025-05-31,2025-09-30,2025-10-01,2025-12-31,7,1.2,50.0,0.25,1.0,8.082568807339449,-0.8802371462065853,5.582951446214977,125,118894.07739945567,0.9576845648893647,0.9877271809523941,3.004261606302938,0.8057324840764332,0.8855291576673866,36479.66650054886,22354.53791152239,-38.72055296561976,220.0,397.0,4449548.676895054,1294691.484062911,1647720.3969102183,989349.009640243,11000.0,19850.0,6108269.073805275,2303890.4937031535,3804378.580102122,-62.282432783074896,sku_calibration_residual_moving_block_bootstrap,sku_daily_final_forecast_vector,paired_scenario_level_multiplier_rounded_up,old_static_rop_new_dynamic_next_day_forecast_rop,common_demand_path_initial_inventory_and_lead_time_shock,forward_stress_sensitivity_not_prediction_interval_or_causal_savings
policy_stress_00062,42,0.01,2025-10-01,2025-12-31,92,109,2025-05-31,2025-09-30,2025-10-01,2025-12-31,7,0.8,50.0,0.25,1.0,5.522935779816514,-0.996120253681916,5.682819639848169,134,117720.69895175083,0.983935454699644,0.9944009758253055,1.0465521125661459,0.8881987577639752,0.9164835164835164,39066.73851780195,22203.221490476404,-43.165919826251084,226.0,373.0,1837934.2423286922,550689.409884058,1771717.9280300927,986782.9313586345,11300.0,18650.0,3620952.170358785,1556122.3412426924,2064829.8291160925,-57.02449886024033,sku_calibration_residual_moving_block_bootstrap,sku_daily_final_forecast_vector,paired_scenario_level_multiplier_rounded_up,old_static_rop_new_dynamic_next_day_forecast_rop,common_demand_path_initial_inventory_and_lead_time_shock,forward_stress_sensitivity_not_prediction_interval_or_causal_savings
policy_stress_00063,42,0.01,2025-10-01,2025-12-31,92,109,2025-05-31,2025-09-30,2025-10-01,2025-12-31,7,1.0,50.0,0.25,1.0,6.5504587155963305,-0.9517810522919069,5.69339336717606,133,118138.20372177385,0.9717430687390896,0.9914511891274946,1.9708120388405082,0.8370607028753994,0.9015317286652079,37932.981144943806,22224.65328948771,-41.4107391017695,224.0,388.0,3171573.224669935,909759.2321546793,1715335.1086935604,987308.3178186663,11200.0,19400.0,4898108.333363494,1916467.549973346,2981640.7833901476,-60.87331231693436,sku_calibration_residual_moving_block_bootstrap,sku_daily_final_forecast_vector,paired_scenario_level_multiplier_rounded_up,old_static_rop_new_dynamic_next_day_forecast_rop,common_demand_path_initial_inventory_and_lead_time_shock,forward_stress_sensitivity_not_prediction_interval_or_causal_savings
policy_stress_00064,42,0.01,2025-10-01,2025-12-31,92,109,2025-05-31,2025-09-30,2025-10-01,2025-12-31,7,1.0,50.0,0.25,1.0,6.5504587155963305,-1.0799488915466096,5.607969035752346,152,116849.84899151747,0.9741333588760166,0.9903083316995417,1.6174972823525091,0.8422712933753943,0.9094922737306843,37939.40550023865,22429.745998990267,-40.88008047767333,218.0,378.0,2898091.2349116937,1012009.6727235924,1716105.0426280638,996352.9962808883,10900.0,18900.0,4625096.277539758,2027262.6690044808,2597833.608535277,-56.16820607931541,sku_calibration_residual_moving_block_bootstrap,sku_daily_final_forecast_vector,paired_scenario_level_multiplier_rounded_up,old_static_rop_new_dynamic_next_day_forecast_rop,common_demand_path_initial_inventory_and_lead_time_shock,forward_stress_sensitivity_not_prediction_interval_or_causal_savings
policy_stress_00065,42,0.01,2025-10-01,2025-12-31,92,109,2025-05-31,2025-09-30,2025-10-01,2025-12-31,7,1.0,50.0,0.25,1.0,6.5504587155963305,-0.879807629717012,5.609309983231077,133,118837.1434496874,0.9755746659318159,0.9919784929852212,1.6403827053405373,0.8473520249221184,0.9098712446351931,37704.06343521675,21997.607602608634,-41.65719660321228,229.0,392.0,2827863.979469292,826004.8538336846,1707325.5443986584,978125.0407769578,11450.0,19600.0,4546639.523867951,1823729.8946106425,2722909.6292573083,-59.88839922239655,sku_calibration_residual_moving_block_bootstrap,sku_daily_final_forecast_vector,paired_scenario_level_multiplier_rounded_up,old_static_rop_new_dynamic_next_day_forecast_rop,common_demand_path_initial_inventory_and_lead_time_shock,forward_stress_sensitivity_not_prediction_interval_or_causal_savings
policy_stress_00066,42,0.01,2025-10-01,2025-12-31,92,109,2025-05-31,2025-09-30,2025-10-01,2025-12-31,7,1.2,50.0,0.25,1.0,8.082568807339449,-0.9688837257268449,5.653467853981998,143,118000.30304660404,0.9533391883895843,0.9881391902229582,3.480000183337384,0.8006535947712419,0.8927789934354485,36529.42285741367,22324.39733451439,-38.88653149091942,217.0,387.0,5050495.688098687,1291867.9013109095,1645186.2507708473,983765.6501707222,10850.0,19350.0,6706531.938869533,2294983.5514816325,4411548.387387901,-65.77987591201303,sku_calibration_residual_moving_block_bootstrap,sku_daily_final_forecast_vector,paired_scenario_level_multiplier_rounded_up,old_static_rop_new_dynamic_next_day_forecast_rop,common_demand_path_initial_inventory_and_lead_time_shock,forward_stress_sensitivity_not_prediction_interval_or_causal_savings
policy_stress_00067,42,0.01,2025-10-01,2025-12-31,92,109,2025-05-31,2025-09-30,2025-10-01,2025-12-31,7,1.0,50.0,0.25,1.0,6.5504587155963305,-1.0445859332996836,5.57817605188479,144,117221.85753225691,0.9745255070400346,0.991564909155635,1.70394021156004,0.853035143769968,0.9210526315789473,38121.12354031603,22424.388683749214,-41.175950231284,218.0,382.0,2850910.4020588323,857880.8824412869,1728268.9901537355,996412.6919696804,10900.0,19100.0,4590079.392212567,1873393.5744109668,2716685.8178016003,-59.18603112640432,sku_calibration_residual_moving_block_bootstrap,sku_daily_final_forecast_vector,paired_scenario_level_multiplier_rounded_up,old_static_rop_new_dynamic_next_day_forecast_rop,common_demand_path_initial_inventory_and_lead_time_shock,forward_stress_sensitivity_not_prediction_interval_or_causal_savings
policy_stress_00068,42,0.01,2025-10-01,2025-12-31,92,109,2025-05-31,2025-09-30,2025-10-01,2025-12-31,7,1.2,50.0,0.25,1.0,8.082568807339449,-1.0210321089159817,5.593227058940947,131,117441.33529459871,0.9570099764375006,0.98744001006186,3.0430033624359365,0.8032786885245902,0.88,36582.74052641916,22458.71812964596,-38.6084317181573,223.0,395.0,4559524.775879208,1274292.0403012924,1651921.485407678,997402.8480760092,11150.0,19750.0,6222596.261286886,2291444.8883773014,3931151.372909585,-63.17542080251546,sku_calibration_residual_moving_block_bootstrap,sku_daily_final_forecast_vector,paired_scenario_level_multiplier_rounded_up,old_static_rop_new_dynamic_next_day_forecast_rop,common_demand_path_initial_inventory_and_lead_time_shock,forward_stress_sensitivity_not_prediction_interval_or_causal_savings
policy_stress_00069,42,0.01,2025-10-01,2025-12-31,92,109,2025-05-31,2025-09-30,2025-10-01,2025-12-31,7,1.0,50.0,0.25,1.0,6.5504587155963305,-0.9375451241510292,5.60876059023661,123,118262.46807723607,0.975017309475,0.9911661841307451,1.6148874655745105,0.8490566037735849,0.9104803493449781,38161.31442103253,22276.303282187328,-41.62595387461343,223.0,392.0,2825806.092602644,875803.5876565032,1721231.9029267668,987600.9996031274,11150.0,19600.0,4558187.99552941,1883004.587259631,2675183.4082697798,-58.68962427380248,sku_calibration_residual_moving_block_bootstrap,sku_daily_final_forecast_vector,paired_scenario_level_multiplier_rounded_up,old_static_rop_new_dynamic_next_day_forecast_rop,common_demand_path_initial_inventory_and_lead_time_shock,forward_stress_sensitivity_not_prediction_interval_or_causal_savings
policy_stress_00070,42,0.01,2025-10-01,2025-12-31,92,109,2025-05-31,2025-09-30,2025-10-01,2025-12-31,7,1.0,50.0,0.25,1.0,6.5504587155963305,-0.9592386409772364,5.659206546425032,129,118093.24606279332,0.9751347648333394,0.9900496999273888,1.4914935094049397,0.8493589743589743,0.8964757709251101,37998.272429084616,22120.310391352214,-41.78601031761408,222.0,383.0,2739063.4762910656,1021688.7228547456,1723386.394469697,982904.9520884024,11100.0,19150.0,4473549.870760763,2023743.674943148,2449806.195817615,-54.762018231418665,sku_calibration_residual_moving_block_bootstrap,sku_daily_final_forecast_vector,paired_scenario_level_multiplier_rounded_up,old_static_rop_new_dynamic_next_day_forecast_rop,common_demand_path_initial_inventory_and_lead_time_shock,forward_stress_sensitivity_not_prediction_interval_or_causal_savings
policy_stress_00071,42,0.01,2025-10-01,2025-12-31,92,109,2025-05-31,2025-09-30,2025-10-01,2025-12-31,7,1.0,50.0,0.25,1.0,6.5504587155963305,-1.1057177494874317,5.593623390170555,145,116646.61469580317,0.9735503550576552,0.9917587162367518,1.8208361179096633,0.8498402555910544,0.9070796460176991,38163.44157216851,22330.269156855855,-41.487800269196185,224.0,385.0,3009137.332984163,839780.4437842878,1723973.1575723637,990798.0643674319,11200.0,19250.0,4744310.490556527,1849828.5081517198,2894481.982404807,-61.009539492961665,sku_calibration_residual_moving_block_bootstrap,sku_daily_final_forecast_vector,paired_scenario_level_multiplier_rounded_up,old_static_rop_new_dynamic_next_day_forecast_rop,common_demand_path_initial_inventory_and_lead_time_shock,forward_stress_sensitivity_not_prediction_interval_or_causal_savings
policy_stress_00072,42,0.01,2025-10-01,2025-12-31,92,109,2025-05-31,2025-09-30,2025-10-01,2025-12-31,7,1.5,50.0,0.25,1.0,10.174311926605505,-0.9920942112715568,5.629119158069829,151,117782.79378129383,0.9359574570339281,0.9838808124180083,4.792335538408022,0.7449664429530202,0.8622222222222222,34653.98651144593,22652.14241592993,-34.63337209862388,210.0,402.0,6383912.933960069,1686089.4579146842,1560097.8466315067,996035.3850539958,10500.0,20100.0,7954510.7805915745,2702224.8429686804,5252285.937622894,-66.02902532281543,sku_calibration_residual_moving_block_bootstrap,sku_daily_final_forecast_vector,paired_scenario_level_multiplier_rounded_up,old_static_rop_new_dynamic_next_day_forecast_rop,common_demand_path_initial_inventory_and_lead_time_shock,forward_stress_sensitivity_not_prediction_interval_or_causal_savings
policy_stress_00073,42,0.01,2025-10-01,2025-12-31,92,109,2025-05-31,2025-09-30,2025-10-01,2025-12-31,7,1.0,50.0,0.25,1.0,6.5504587155963305,-0.9245309170200848,5.771711341437917,145,118479.0343984299,0.9756963579919284,0.9917733689365894,1.6077010944660963,0.8517350157728707,0.9144736842105263,37922.69286396368,21989.541548568708,-42.01482044682425,223.0,386.0,2667565.2140879035,842545.0430275069,1714422.15151576,979502.6150763795,11150.0,19300.0,4393137.365603663,1841347.6581038863,2551789.707499777,-58.08581647091597,sku_calibration_residual_moving_block_bootstrap,sku_daily_final_forecast_vector,paired_scenario_level_multiplier_rounded_up,old_static_rop_new_dynamic_next_day_forecast_rop,common_demand_path_initial_inventory_and_lead_time_shock,forward_stress_sensitivity_not_prediction_interval_or_causal_savings
policy_stress_00074,42,0.01,2025-10-01,2025-12-31,92,109,2025-05-31,2025-09-30,2025-10-01,2025-12-31,7,1.0,50.0,0.25,1.0,6.5504587155963305,-0.9947103528464846,5.609630844009028,136,117733.7231721038,0.9745456846666578,0.9913857668398046,1.6840082173146809,0.8503184713375797,0.9069264069264069,38008.37731947018,22166.30988241825,-41.68046245146243,223.0,383.0,2797016.9649080806,907221.2157205887,1718717.2910683372,983340.5351562804,11150.0,19150.0,4526884.255976418,1909711.750876869,2617172.505099549,-57.8139920773177,sku_calibration_residual_moving_block_bootstrap,sku_daily_final_forecast_vector,paired_scenario_level_multiplier_rounded_up,old_static_rop_new_dynamic_next_day_forecast_rop,common_demand_path_initial_inventory_and_lead_time_shock,forward_stress_sensitivity_not_prediction_interval_or_causal_savings
policy_stress_00075,42,0.01,2025-10-01,2025-12-31,92,109,2025-05-31,2025-09-30,2025-10-01,2025-12-31,7,1.0,50.0,0.25,1.0,6.5504587155963305,-1.016150102850442,5.654980353925476,136,117553.25960735664,0.9734530799305321,0.9922420774336045,1.878899750307239,0.8626198083067093,0.9208791208791208,37912.20858453841,22272.82070671405,-41.251587448277846,224.0,380.0,2958773.298425193,886200.1492096826,1713450.1523002756,989030.2635435824,11200.0,19000.0,4683423.450725469,1894230.412753265,2789193.037972204,-59.554577272745945,sku_calibration_residual_moving_block_bootstrap,sku_daily_final_forecast_vector,paired_scenario_level_multiplier_rounded_up,old_static_rop_new_dynamic_next_day_forecast_rop,common_demand_path_initial_inventory_and_lead_time_shock,forward_stress_sensitivity_not_prediction_interval_or_causal_savings
policy_stress_00076,42,0.01,2025-10-01,2025-12-31,92,109,2025-05-31,2025-09-30,2025-10-01,2025-12-31,7,1.0,50.0,0.25,1.0,6.5504587155963305,-0.9783090704503327,5.616297796383215,133,117840.46807151995,0.9723670302559512,0.9894268792051134,1.7059848949162237,0.8432601880877743,0.89086859688196,37860.39554076309,22224.35550118184,-41.299198849484874,224.0,381.0,3080535.6802183776,1106254.4215701863,1712030.9964480365,989852.5441307934,11200.0,19050.0,4803766.676666414,2115156.96570098,2688609.7109654346,-55.96878224800048,sku_calibration_residual_moving_block_bootstrap,sku_daily_final_forecast_vector,paired_scenario_level_multiplier_rounded_up,old_static_rop_new_dynamic_next_day_forecast_rop,common_demand_path_initial_inventory_and_lead_time_shock,forward_stress_sensitivity_not_prediction_interval_or_causal_savings
policy_stress_00077,42,0.01,2025-10-01,2025-12-31,92,109,2025-05-31,2025-09-30,2025-10-01,2025-12-31,7,1.0,50.0,0.25,1.0,6.5504587155963305,-0.9529505414088416,5.624074041581666,156,118185.0380816935,0.9728146182554065,0.9916814426145527,1.8866824359146217,0.8442367601246106,0.9021739130434783,38006.52274543723,21976.45440678884,-42.17715060653065,222.0,390.0,3064290.4464639635,857478.5689894742,1722455.324942072,970754.9720289955,11100.0,19500.0,4797845.771406035,1847733.5410184697,2950112.230387565,-61.48826725463955,sku_calibration_residual_moving_block_bootstrap,sku_daily_final_forecast_vector,paired_scenario_level_multiplier_rounded_up,old_static_rop_new_dynamic_next_day_forecast_rop,common_demand_path_initial_inventory_and_lead_time_shock,forward_stress_sensitivity_not_prediction_interval_or_causal_savings
policy_stress_00078,42,0.01,2025-10-01,2025-12-31,92,109,2025-05-31,2025-09-30,2025-10-01,2025-12-31,7,1.2,50.0,0.25,1.0,8.082568807339449,-1.0346885712611134,5.618443831290332,142,117352.4334770181,0.9548573584801078,0.986507196964746,3.1649838484638204,0.8090614886731392,0.8797327394209354,36574.73814087371,22550.103549471958,-38.345140127547964,215.0,388.0,4865798.517897317,1392114.149404905,1651583.5492919746,998358.1617178213,10750.0,19400.0,6528132.067189291,2409872.3111227266,4118259.7560665645,-63.08481068826928,sku_calibration_residual_moving_block_bootstrap,sku_daily_final_forecast_vector,paired_scenario_level_multiplier_rounded_up,old_static_rop_new_dynamic_next_day_forecast_rop,common_demand_path_initial_inventory_and_lead_time_shock,forward_stress_sensitivity_not_prediction_interval_or_causal_savings
policy_stress_00079,42,0.01,2025-10-01,2025-12-31,92,109,2025-05-31,2025-09-30,2025-10-01,2025-12-31,7,1.0,50.0,0.25,1.0,6.5504587155963305,-1.0371887586701918,5.505528044043842,131,117304.01850520713,0.9775044863706085,0.9924758994626771,1.497141309206862,0.8493589743589743,0.9203539823008849,37896.83955285249,22395.602510899782,-40.90377251732047,222.0,379.0,2472420.858052589,809435.9962855778,1715395.1698559392,994908.1204951461,11100.0,18950.0,4198916.027908528,1823294.1167807234,2375621.911127805,-56.57702834107634,sku_calibration_residual_moving_block_bootstrap,sku_daily_final_forecast_vector,paired_scenario_level_multiplier_rounded_up,old_static_rop_new_dynamic_next_day_forecast_rop,common_demand_path_initial_inventory_and_lead_time_shock,forward_stress_sensitivity_not_prediction_interval_or_causal_savings
policy_stress_00080,42,0.01,2025-10-01,2025-12-31,92,109,2025-05-31,2025-09-30,2025-10-01,2025-12-31,7,1.0,50.0,0.25,1.0,6.5504587155963305,-1.0780189622883956,5.557243364268263,138,116850.55099291241,0.9744509384839453,0.9918538752496201,1.7402936765674837,0.8456591639871383,0.918141592920354,38150.22261404235,22321.837733169814,-41.48962652460754,217.0,381.0,2875836.3696968993,818162.4976719928,1731692.636664219,990979.4529166762,10850.0,19050.0,4618379.0063611185,1828191.9505886687,2790187.05577245,-60.414856639729855,sku_calibration_residual_moving_block_bootstrap,sku_daily_final_forecast_vector,paired_scenario_level_multiplier_rounded_up,old_static_rop_new_dynamic_next_day_forecast_rop,common_demand_path_initial_inventory_and_lead_time_shock,forward_stress_sensitivity_not_prediction_interval_or_causal_savings
policy_stress_00081,42,0.01,2025-10-01,2025-12-31,92,109,2025-05-31,2025-09-30,2025-10-01,2025-12-31,7,0.8,50.0,0.25,1.0,5.522935779816514,-0.941970896141544,5.680437816499652,138,118269.13685240582,0.9824363572323883,0.9928474105174134,1.0411053285025118,0.8823529411764706,0.9057017543859649,39045.69940905045,22094.94858650635,-43.41259365074932,224.0,377.0,2047842.9516222198,707100.3539436627,1767031.600788678,980465.405605744,11200.0,18850.0,3826074.5524108983,1706415.7595494064,2119658.792861492,-55.40035260227341,sku_calibration_residual_moving_block_bootstrap,sku_daily_final_forecast_vector,paired_scenario_level_multiplier_rounded_up,old_static_rop_new_dynamic_next_day_forecast_rop,common_demand_path_initial_inventory_and_lead_time_shock,forward_stress_sensitivity_not_prediction_interval_or_causal_savings
policy_stress_00082,42,0.01,2025-10-01,2025-12-31,92,109,2025-05-31,2025-09-30,2025-10-01,2025-12-31,7,1.2,50.0,0.25,1.0,8.082568807339449,-0.9394691985951575,5.65241782355224,123,118269.60868897576,0.9564021017550717,0.9868076049214757,3.0405503166404,0.7967741935483871,0.9035087719298246,36575.297838114275,22329.32811991172,-38.949702559515885,220.0,390.0,4723747.247589774,1390338.9974854554,1652824.9714337366,986912.0049194547,11000.0,19500.0,6387572.219023511,2396751.0024049096,3990821.216618601,-62.477903650672005,sku_calibration_residual_moving_block_bootstrap,sku_daily_final_forecast_vector,paired_scenario_level_multiplier_rounded_up,old_static_rop_new_dynamic_next_day_forecast_rop,common_demand_path_initial_inventory_and_lead_time_shock,forward_stress_sensitivity_not_prediction_interval_or_causal_savings
policy_stress_00083,42,0.01,2025-10-01,2025-12-31,92,109,2025-05-31,2025-09-30,2025-10-01,2025-12-31,7,1.0,50.0,0.25,1.0,6.5504587155963305,-0.9913791337539648,5.653050791252384,132,117702.24773006914,0.9751746140099224,0.9910760793029273,1.5901465293004846,0.8490566037735849,0.8964757709251101,38138.93481862408,22048.604825965387,-42.18872411927308,224.0,384.0,2779585.793015456,883687.436961859,1718570.0890009548,981187.1872517737,11200.0,19200.0,4509355.88201641,1884074.624213633,2625281.257802777,-58.21854221514343,sku_calibration_residual_moving_block_bootstrap,sku_daily_final_forecast_vector,paired_scenario_level_multiplier_rounded_up,old_static_rop_new_dynamic_next_day_forecast_rop,common_demand_path_initial_inventory_and_lead_time_shock,forward_stress_sensitivity_not_prediction_interval_or_causal_savings
policy_stress_00084,42,0.01,2025-10-01,2025-12-31,92,109,2025-05-31,2025-09-30,2025-10-01,2025-12-31,7,1.0,50.0,0.25,1.0,6.5504587155963305,-0.9483940063778505,5.637490974295539,134,118188.54983669973,0.9738482778770935,0.9907549801706687,1.690670229357516,0.859375,0.9050772626931567,37979.51940772069,22112.824412650018,-41.7769767561756,224.0,385.0,2887678.878148742,929806.3988247749,1718516.3262579849,985964.0758286476,11200.0,19250.0,4617395.204406727,1935020.4746534226,2682374.7297533043,-58.09281231100412,sku_calibration_residual_moving_block_bootstrap,sku_daily_final_forecast_vector,paired_scenario_level_multiplier_rounded_up,old_static_rop_new_dynamic_next_day_forecast_rop,common_demand_path_initial_inventory_and_lead_time_shock,forward_stress_sensitivity_not_prediction_interval_or_causal_savings
policy_stress_00085,42,0.01,2025-10-01,2025-12-31,92,109,2025-05-31,2025-09-30,2025-10-01,2025-12-31,7,1.5,50.0,0.25,1.0,10.174311926605505,-0.988406454454241,5.636886252853282,131,117762.4649253589,0.936289351239941,0.9841938098067866,4.790445856684567,0.7483443708609272,0.8637362637362638,34699.10646804812,22504.552642628652,-35.14371137092116,213.0,399.0,6500040.195551945,1702641.0650301499,1562595.3691617907,998358.5548030316,10650.0,19950.0,8073285.564713734,2720949.619833181,5352335.944880553,-66.29687383132146,sku_calibration_residual_moving_block_bootstrap,sku_daily_final_forecast_vector,paired_scenario_level_multiplier_rounded_up,old_static_rop_new_dynamic_next_day_forecast_rop,common_demand_path_initial_inventory_and_lead_time_shock,forward_stress_sensitivity_not_prediction_interval_or_causal_savings
policy_stress_00086,42,0.01,2025-10-01,2025-12-31,92,109,2025-05-31,2025-09-30,2025-10-01,2025-12-31,7,1.5,50.0,0.25,1.0,10.174311926605505,-0.9593380692282649,5.570644518127787,119,118034.23027673461,0.9358543328878003,0.9817815290431825,4.592719615538221,0.7424749163879598,0.8793859649122807,34510.10744334514,22575.67549742597,-34.58242477370375,214.0,402.0,6334875.357418284,1930702.675483861,1554623.3888284457,995407.6906705105,10700.0,20100.0,7900198.746246729,2946210.3661543713,4953988.380092358,-62.70713610142943,sku_calibration_residual_moving_block_bootstrap,sku_daily_final_forecast_vector,paired_scenario_level_multiplier_rounded_up,old_static_rop_new_dynamic_next_day_forecast_rop,common_demand_path_initial_inventory_and_lead_time_shock,forward_stress_sensitivity_not_prediction_interval_or_causal_savings
policy_stress_00087,42,0.01,2025-10-01,2025-12-31,92,109,2025-05-31,2025-09-30,2025-10-01,2025-12-31,7,1.2,50.0,0.25,1.0,8.082568807339449,-0.9486135024687512,5.7257391146580225,129,118169.61618021414,0.9586476284902536,0.9883570566520591,2.970942816180544,0.8037974683544303,0.888402625820569,36510.694130331045,22165.247026743276,-39.29108291499277,218.0,397.0,4490653.429669624,1203211.5913787836,1648395.6749249154,983526.29384958,10900.0,19850.0,6149949.10459454,2206587.885228364,3943361.219366176,-64.12022526202935,sku_calibration_residual_moving_block_bootstrap,sku_daily_final_forecast_vector,paired_scenario_level_multiplier_rounded_up,old_static_rop_new_dynamic_next_day_forecast_rop,common_demand_path_initial_inventory_and_lead_time_shock,forward_stress_sensitivity_not_prediction_interval_or_causal_savings
policy_stress_00088,42,0.01,2025-10-01,2025-12-31,92,109,2025-05-31,2025-09-30,2025-10-01,2025-12-31,7,0.8,50.0,0.25,1.0,5.522935779816514,-0.9529229375941489,5.664163234338264,140,118195.00824790007,0.9842298748791386,0.9925871288710789,0.8357253991940317,0.8706624605678234,0.8810572687224669,38885.41799442024,22132.68676908922,-43.08229688500431,228.0,376.0,1755937.096182196,705980.60750064,1759474.9120686308,981109.6184601686,11400.0,18800.0,3526812.0082508265,1705890.2259608086,1820921.782290018,-51.63081496915767,sku_calibration_residual_moving_block_bootstrap,sku_daily_final_forecast_vector,paired_scenario_level_multiplier_rounded_up,old_static_rop_new_dynamic_next_day_forecast_rop,common_demand_path_initial_inventory_and_lead_time_shock,forward_stress_sensitivity_not_prediction_interval_or_causal_savings
policy_stress_00089,42,0.01,2025-10-01,2025-12-31,92,109,2025-05-31,2025-09-30,2025-10-01,2025-12-31,7,1.0,50.0,0.25,1.0,6.5504587155963305,-0.9891916634140266,5.677076549383742,157,117828.0170008387,0.9735911259978711,0.990463580369745,1.6872454371873902,0.8517350157728707,0.9122807017543859,37941.17665531908,22351.424278432496,-41.089269630495274,223.0,383.0,2985724.770687105,1005582.8297474768,1714870.5602454226,987707.0762484096,11150.0,19150.0,4711745.330932527,2012439.9059958865,2699305.42493664,-57.28886506695824,sku_calibration_residual_moving_block_bootstrap,sku_daily_final_forecast_vector,paired_scenario_level_multiplier_rounded_up,old_static_rop_new_dynamic_next_day_forecast_rop,common_demand_path_initial_inventory_and_lead_time_shock,forward_stress_sensitivity_not_prediction_interval_or_causal_savings
policy_stress_00090,42,0.01,2025-10-01,2025-12-31,92,109,2025-05-31,2025-09-30,2025-10-01,2025-12-31,7,0.8,50.0,0.25,1.0,5.522935779816514,-0.9785243412591869,5.711810478517017,161,117898.48514305835,0.9838476034547055,0.9926714714537853,0.882386799907986,0.879746835443038,0.9116997792494481,38778.58023743768,22317.344588224823,-42.44929945454997,223.0,384.0,1848624.1021058909,754626.6941974524,1756334.7507325301,989399.4344247928,11150.0,19200.0,3616108.852838421,1763226.1286222453,1852882.7242161755,-51.23968330659564,sku_calibration_residual_moving_block_bootstrap,sku_daily_final_forecast_vector,paired_scenario_level_multiplier_rounded_up,old_static_rop_new_dynamic_next_day_forecast_rop,common_demand_path_initial_inventory_and_lead_time_shock,forward_stress_sensitivity_not_prediction_interval_or_causal_savings
policy_stress_00091,42,0.01,2025-10-01,2025-12-31,92,109,2025-05-31,2025-09-30,2025-10-01,2025-12-31,7,1.0,50.0,0.25,1.0,6.5504587155963305,-0.8884202875481808,5.6864614386473145,127,118764.77518314561,0.9738113083602223,0.9908756225902036,1.7064314229981226,0.8495297805642633,0.8995633187772926,38108.87195473947,22085.035468416903,-42.04752243874733,222.0,386.0,3103751.3418157864,993870.4402289918,1726019.2764929577,985736.9214089446,11100.0,19300.0,4840870.618308744,1998907.3616379362,2841963.2566708084,-58.707688776522296,sku_calibration_residual_moving_block_bootstrap,sku_daily_final_forecast_vector,paired_scenario_level_multiplier_rounded_up,old_static_rop_new_dynamic_next_day_forecast_rop,common_demand_path_initial_inventory_and_lead_time_shock,forward_stress_sensitivity_not_prediction_interval_or_causal_savings
policy_stress_00092,42,0.01,2025-10-01,2025-12-31,92,109,2025-05-31,2025-09-30,2025-10-01,2025-12-31,7,1.2,50.0,0.25,1.0,8.082568807339449,-1.017719741358122,5.657341954537357,139,117469.52498782518,0.958648465081616,0.9878640972115059,2.921563212988987,0.7884615384615384,0.8791208791208791,36584.97969229285,22454.224027256547,-38.624473168733644,216.0,391.0,4301206.6494783955,1223098.8471260138,1649216.1161970815,993198.1513529631,10800.0,19550.0,5961222.765675478,2235846.998478977,3725375.7671965007,-62.49348352903519,sku_calibration_residual_moving_block_bootstrap,sku_daily_final_forecast_vector,paired_scenario_level_multiplier_rounded_up,old_static_rop_new_dynamic_next_day_forecast_rop,common_demand_path_initial_inventory_and_lead_time_shock,forward_stress_sensitivity_not_prediction_interval_or_causal_savings
policy_stress_00093,42,0.01,2025-10-01,2025-12-31,92,109,2025-05-31,2025-09-30,2025-10-01,2025-12-31,7,1.0,50.0,0.25,1.0,6.5504587155963305,-1.0506399335672054,5.605775872980934,133,117130.36642711413,0.9760094759018838,0.9903693560140999,1.4359880112216117,0.842443729903537,0.88,37815.49641248196,22437.613348408675,-40.66555915684721,220.0,385.0,2722656.061467455,992790.0450912188,1716817.9090450378,993618.0431557486,11000.0,19250.0,4450473.970512493,2005658.0882469676,2444815.882265525,-54.93383173262314,sku_calibration_residual_moving_block_bootstrap,sku_daily_final_forecast_vector,paired_scenario_level_multiplier_rounded_up,old_static_rop_new_dynamic_next_day_forecast_rop,common_demand_path_initial_inventory_and_lead_time_shock,forward_stress_sensitivity_not_prediction_interval_or_causal_savings
policy_stress_00094,42,0.01,2025-10-01,2025-12-31,92,109,2025-05-31,2025-09-30,2025-10-01,2025-12-31,7,1.2,50.0,0.25,1.0,8.082568807339449,-1.0402848899135793,5.607151748067988,133,117230.05131280373,0.9573096251298246,0.9874827830037398,3.017315787391517,0.7857142857142857,0.9048672566371682,36333.55362246131,22452.898377206522,-38.20340666230292,219.0,395.0,4572506.4512865655,1329880.4614970856,1642427.2623739438,995020.6564045156,10950.0,19750.0,6225883.71366051,2344651.1179016014,3881232.595758909,-62.3402680529177,sku_calibration_residual_moving_block_bootstrap,sku_daily_final_forecast_vector,paired_scenario_level_multiplier_rounded_up,old_static_rop_new_dynamic_next_day_forecast_rop,common_demand_path_initial_inventory_and_lead_time_shock,forward_stress_sensitivity_not_prediction_interval_or_causal_savings
policy_stress_00095,42,0.01,2025-10-01,2025-12-31,92,109,2025-05-31,2025-09-30,2025-10-01,2025-12-31,7,1.0,50.0,0.25,1.0,6.5504587155963305,-0.9831902452014398,5.756798123306868,148,117816.92268108169,0.9736293742608298,0.9906233791540923,1.6994004893262415,0.8539682539682539,0.8925438596491229,37884.36161042669,22379.54476595819,-40.92669424895681,218.0,386.0,3109825.9955422576,1007640.3939539734,1712890.1655064835,990332.6729645659,10900.0,19300.0,4833616.16104874,2017273.0669185393,2816343.094130201,-58.26575798106286,sku_calibration_residual_moving_block_bootstrap,sku_daily_final_forecast_vector,paired_scenario_level_multiplier_rounded_up,old_static_rop_new_dynamic_next_day_forecast_rop,common_demand_path_initial_inventory_and_lead_time_shock,forward_stress_sensitivity_not_prediction_interval_or_causal_savings
policy_stress_00096,42,0.01,2025-10-01,2025-12-31,92,109,2025-05-31,2025-09-30,2025-10-01,2025-12-31,7,1.0,50.0,0.25,1.0,6.5504587155963305,-0.9967421243538188,5.641923176852938,143,117746.19208324957,0.9745428036845456,0.9913476250807804,1.6804821396234848,0.853035143769968,0.9212253829321663,37838.05602677338,22231.903765142535,-41.244593143443396,218.0,384.0,2833794.331245035,862264.2988373056,1716100.2442737566,988326.1470604531,10900.0,19200.0,4560794.5755187925,1869790.4458977587,2691004.1296210336,-59.002967247542195,sku_calibration_residual_moving_block_bootstrap,sku_daily_final_forecast_vector,paired_scenario_level_multiplier_rounded_up,old_static_rop_new_dynamic_next_day_forecast_rop,common_demand_path_initial_inventory_and_lead_time_shock,forward_stress_sensitivity_not_prediction_interval_or_causal_savings
policy_stress_00097,42,0.01,2025-10-01,2025-12-31,92,109,2025-05-31,2025-09-30,2025-10-01,2025-12-31,7,1.0,50.0,0.25,1.0,6.5504587155963305,-0.9729031643243236,5.689229435434398,146,117954.28999317203,0.975395065341281,0.9904105276692616,1.5015462327980678,0.85,0.8835164835164835,37912.595605119874,22082.536951589656,-41.75408832043265,221.0,381.0,2739782.144503498,994495.8062506171,1713887.8212388593,979998.2317256639,11050.0,19050.0,4464719.965742357,1993544.037976281,2471175.9277660763,-55.3489568601687,sku_calibration_residual_moving_block_bootstrap,sku_daily_final_forecast_vector,paired_scenario_level_multiplier_rounded_up,old_static_rop_new_dynamic_next_day_forecast_rop,common_demand_path_initial_inventory_and_lead_time_shock,forward_stress_sensitivity_not_prediction_interval_or_causal_savings
policy_stress_00098,42,0.01,2025-10-01,2025-12-31,92,109,2025-05-31,2025-09-30,2025-10-01,2025-12-31,7,1.5,50.0,0.25,1.0,10.174311926605505,-0.9910640527754956,5.636410047086481,129,117799.57705228594,0.9347865160504335,0.981980035793331,4.719351974289754,0.7441077441077442,0.8791208791208791,34619.99557844298,22428.613977466444,-35.21485603125787,212.0,399.0,6461778.196480951,1927366.5623135634,1559865.5419647675,992289.9331648299,10600.0,19950.0,8032243.73844572,2939606.4954783935,5092637.242967326,-63.40242413949427,sku_calibration_residual_moving_block_bootstrap,sku_daily_final_forecast_vector,paired_scenario_level_multiplier_rounded_up,old_static_rop_new_dynamic_next_day_forecast_rop,common_demand_path_initial_inventory_and_lead_time_shock,forward_stress_sensitivity_not_prediction_interval_or_causal_savings
policy_stress_00099,42,0.01,2025-10-01,2025-12-31,92,109,2025-05-31,2025-09-30,2025-10-01,2025-12-31,7,1.0,50.0,0.25,1.0,6.5504587155963305,-0.9279577005141719,5.629071830456739,153,118368.37877014083,0.9734454047589652,0.988083585881658,1.4638181122692773,0.853035143769968,0.8782608695652174,37756.90401512486,22353.294619419095,-40.796802061777385,221.0,385.0,3081228.1956450753,1249222.3288811236,1710088.7552496528,989655.5953036197,11050.0,19250.0,4802366.950894729,2258127.9241847433,2544239.026709986,-52.978855067207405,sku_calibration_residual_moving_block_bootstrap,sku_daily_final_forecast_vector,paired_scenario_level_multiplier_rounded_up,old_static_rop_new_dynamic_next_day_forecast_rop,common_demand_path_initial_inventory_and_lead_time_shock,forward_stress_sensitivity_not_prediction_interval_or_causal_savings
policy_stress_00100,42,0.01,2025-10-01,2025-12-31,92,109,2025-05-31,2025-09-30,2025-10-01,2025-12-31,7,1.0,50.0,0.25,1.0,6.5504587155963305,-0.9861800673916636,5.700192754454648,146,117816.6231052604,0.9747314533307144,0.9906319528363442,1.5900499505629773,0.8503184713375797,0.9092920353982301,38031.638253610436,22239.414186542766,-41.52391217480219,220.0,386.0,2841458.1839322066,933605.5734919818,1716860.6166297155,987598.0507518767,11000.0,19300.0,4569318.800561922,1940503.6242438585,2628815.1763180634,-57.531883658342664,sku_calibration_residual_moving_block_bootstrap,sku_daily_final_forecast_vector,paired_scenario_level_multiplier_rounded_up,old_static_rop_new_dynamic_next_day_forecast_rop,common_demand_path_initial_inventory_and_lead_time_shock,forward_stress_sensitivity_not_prediction_interval_or_causal_savings